_start,_stop,_time,_measurement,dev_eui,log_id,phy_payload.mhdr.f_type,phy_payload.mhdr.major,phy_payload.mic,phy_payload.payload.f_port,phy_payload.payload.fhdr.devaddr,phy_payload.payload.fhdr.f_cnt,phy_payload.payload.fhdr.f_ctrl.ack,phy_payload.payload.fhdr.f_ctrl.adr,phy_payload.payload.fhdr.f_ctrl.adr_ack_req,phy_payload.payload.fhdr.f_ctrl.class_b,phy_payload.payload.fhdr.f_ctrl.f_opts_len,phy_payload.payload.fhdr.f_ctrl.f_pending,phy_payload.payload.fhdr.f_opts,phy_payload.payload.frm_payload,rx_info.antenna,rx_info.board,rx_info.channel,rx_info.context,rx_info.crc_status,rx_info.gateway_id,rx_info.location.accuracy,rx_info.location.altitude,rx_info.location.latitude,rx_info.location.longitude,rx_info.location.source,rx_info.ns_time,rx_info.rf_chain,rx_info.uplink_id,tx_info.frequency,tx_info.modulation.lora.bandwidth,tx_info.modulation.lora.code_rate,tx_info.modulation.lora.no_crc,tx_info.modulation.lora.polarization_inversion,tx_info.modulation.lora.preamble,tx_info.modulation.lora.spreading_factor,rx_info.rssi,rx_info.snr
2026-01-30T12:56:28.508054875Z,2026-01-30T13:56:28.508054875Z,2026-01-30T12:56:38.874247Z,device_uplink_frame_log,0001000000000002,1769777798874-0,ConfirmedDataUp,LoRaWANR1,"(14, 163, 21, 233)",1,02000000,33,False,False,False,False,0,False,[],c0da11b323,0,0,0,JKp0LA==,CRC_OK,0001000000000001,0.0,72.0,48.86683,2.35672,UNKNOWN,2026-01-30T12:56:38.665990937Z,0,13790,868500000,125000,CR_4_5,False,False,0,9,-126,-8.6
2026-01-30T12:56:28.508054875Z,2026-01-30T13:56:28.508054875Z,2026-01-30T12:56:57.403986Z,device_uplink_frame_log,0001000000000002,1769777817404-0,ConfirmedDataUp,LoRaWANR1,"(107, 195, 219, 9)",1,02000000,34,False,False,False,False,0,False,[],19f2987211,0,0,0,JcVELA==,CRC_OK,0001000000000001,0.0,72.0,48.86683,2.35672,UNKNOWN,2026-01-30T12:56:57.196710526Z,0,59080,868500000,125000,CR_4_5,False,False,0,9,-109,7.9
2026-01-30T12:56:28.508054875Z,2026-01-30T13:56:28.508054875Z,2026-01-30T12:57:15.938849Z,device_uplink_frame_log,0001000000000002,1769777835939-0,ConfirmedDataUp,LoRaWANR1,"(246, 178, 74, 60)",1,02000000,35,False,False,False,False,0,False,[],b6bfb903d4,0,0,0,JuAULA==,CRC_OK,0001000000000001,0.0,72.0,48.86683,2.35672,UNKNOWN,2026-01-30T12:57:15.731845843Z,0,60124,868100000,125000,CR_4_5,False,False,0,9,-116,0.7
2026-01-30T12:56:28.508054875Z,2026-01-30T13:56:28.508054875Z,2026-01-30T12:57:34.478565Z,device_uplink_frame_log,0001000000000002,1769777854478-0,ConfirmedDataUp,LoRaWANR1,"(46, 153, 85, 39)",1,02000000,36,False,False,False,False,0,False,[],20c6b7bdbb,0,0,0,J/rkLA==,CRC_OK,0001000000000001,0.0,72.0,48.86683,2.35672,UNKNOWN,2026-01-30T12:57:34.273120765Z,0,9111,868300000,125000,CR_4_5,False,False,0,9,-117,0.1
2026-01-30T12:56:28.508054875Z,2026-01-30T13:56:28.508054875Z,2026-01-30T12:57:53.013947Z,device_uplink_frame_log,0001000000000002,1769777873014-0,ConfirmedDataUp,LoRaWANR1,"(191, 100, 239, 134)",1,02000000,37,False,False,False,False,0,False,[],8ba3922955,0,0,0,KRW0LA==,CRC_OK,0001000000000001,0.0,72.0,48.86683,2.35672,UNKNOWN,2026-01-30T12:57:52.807982915Z,0,26268,868300000,125000,CR_4_5,False,False,0,9,-114,3.1
2026-01-30T12:56:28.508054875Z,2026-01-30T13:56:28.508054875Z,2026-01-30T12:58:11.544526Z,device_uplink_frame_log,0001000000000002,1769777891544-0,ConfirmedDataUp,LoRaWANR1,"(72, 112, 62, 93)",1,02000000,38,False,False,False,False,0,False,[],eaa1a85124,0,0,0,KjCELA==,CRC_OK,0001000000000001,0.0,72.0,48.86683,2.35672,UNKNOWN,2026-01-30T12:58:11.338175811Z,0,43578,868500000,125000,CR_4_5,False,False,0,9,-115,2
2026-01-30T12:56:28.508054875Z,2026-01-30T13:56:28.508054875Z,2026-01-30T12:58:30.074503Z,device_uplink_frame_log,0001000000000002,1769777910074-0,ConfirmedDataUp,LoRaWANR1,"(7, 71, 146, 239)",1,02000000,39,False,False,False,False,0,False,[],40811621ee,0,0,0,K0tULA==,CRC_OK,0001000000000001,0.0,72.0,48.86683,2.35672,UNKNOWN,2026-01-30T12:58:29.868271136Z,0,24495,868100000,125000,CR_4_5,False,False,0,9,-112,5.1
2026-01-30T12:56:28.508054875Z,2026-01-30T13:56:28.508054875Z,2026-01-30T12:58:48.610342Z,device_uplink_frame_log,0001000000000002,1769777928610-0,ConfirmedDataUp,LoRaWANR1,"(166, 124, 86, 212)",1,02000000,40,False,False,False,False,0,False,[],e9dfde3bc8,0,0,0,LGYkLA==,CRC_OK,0001000000000001,0.0,72.0,48.86683,2.35672,UNKNOWN,2026-01-30T12:58:48.403525616Z,0,37821,868500000,125000,CR_4_5,False,False,0,9,-116,1.5
2026-01-30T12:56:28.508054875Z,2026-01-30T13:56:28.508054875Z,2026-01-30T12:59:07.151161Z,device_uplink_frame_log,0001000000000002,1769777947151-0,ConfirmedDataUp,LoRaWANR1,"(246, 48, 19, 187)",1,02000000,41,False,False,False,False,0,False,[],7ec3519ca3,0,0,0,LYD0LA==,CRC_OK,0001000000000001,0.0,72.0,48.86683,2.35672,UNKNOWN,2026-01-30T12:59:06.943498613Z,0,52616,868300000,125000,CR_4_5,False,False,0,9,-115,1.6
2026-01-30T12:56:28.508054875Z,2026-01-30T13:56:28.508054875Z,2026-01-30T12:59:25.680074Z,device_uplink_frame_log,0001000000000002,1769777965680-0,ConfirmedDataUp,LoRaWANR1,"(150, 188, 178, 186)",1,02000000,42,False,False,False,False,0,False,[],546e9ce513,0,0,0,LpvELA==,CRC_OK,0001000000000001,0.0,72.0,48.86683,2.35672,UNKNOWN,2026-01-30T12:59:25.473868578Z,0,50053,868100000,125000,CR_4_5,False,False,0,9,-112,4.7
2026-01-30T12:56:28.508054875Z,2026-01-30T13:56:28.508054875Z,2026-01-30T12:59:44.214413Z,device_uplink_frame_log,0001000000000002,1769777984214-0,ConfirmedDataUp,LoRaWANR1,"(134, 173, 228, 55)",1,02000000,43,False,False,False,False,0,False,[],23aa5d2585,0,0,0,L7aULA==,CRC_OK,0001000000000001,0.0,72.0,48.86683,2.35672,UNKNOWN,2026-01-30T12:59:44.009062501Z,0,24346,868100000,125000,CR_4_5,False,False,0,9,-105,11.6
2026-01-30T12:56:28.508054875Z,2026-01-30T13:56:28.508054875Z,2026-01-30T13:00:02.755369Z,device_uplink_frame_log,0001000000000002,1769778002755-0,ConfirmedDataUp,LoRaWANR1,"(21, 198, 38, 207)",1,02000000,44,False,False,False,False,0,False,[],d9668fd145,0,0,0,MNFkLA==,CRC_OK,0001000000000001,0.0,72.0,48.86683,2.35672,UNKNOWN,2026-01-30T13:00:02.549033290Z,0,59616,868300000,125000,CR_4_5,False,False,0,9,-124,-7.4
2026-01-30T12:56:28.508054875Z,2026-01-30T13:56:28.508054875Z,2026-01-30T13:00:21.294151Z,device_uplink_frame_log,0001000000000002,1769778021294-0,ConfirmedDataUp,LoRaWANR1,"(10, 53, 113, 234)",1,02000000,45,False,False,False,False,0,False,[],23920f6cce,0,0,0,Mew0LA==,CRC_OK,0001000000000001,0.0,72.0,48.86683,2.35672,UNKNOWN,2026-01-30T13:00:21.084193123Z,0,45584,868300000,125000,CR_4_5,False,False,0,9,-114,3.4
2026-01-30T12:56:28.508054875Z,2026-01-30T13:56:28.508054875Z,2026-01-30T13:00:39.822218Z,device_uplink_frame_log,0001000000000002,1769778039822-0,ConfirmedDataUp,LoRaWANR1,"(49, 210, 102, 34)",1,02000000,46,False,False,False,False,0,False,[],1011b046b4,0,0,0,MwcELA==,CRC_OK,0001000000000001,0.0,72.0,48.86683,2.35672,UNKNOWN,2026-01-30T13:00:39.615536104Z,0,61360,868300000,125000,CR_4_5,False,False,0,9,-119,-2.1
2026-01-30T12:56:28.508054875Z,2026-01-30T13:56:28.508054875Z,2026-01-30T13:00:58.358113Z,device_uplink_frame_log,0001000000000002,1769778058358-0,ConfirmedDataUp,LoRaWANR1,"(163, 22, 119, 207)",1,02000000,47,False,False,False,False,0,False,[],a933450d8f,0,0,0,NCHULA==,CRC_OK,0001000000000001,0.0,72.0,48.86683,2.35672,UNKNOWN,2026-01-30T13:00:58.152004897Z,0,28699,868300000,125000,CR_4_5,False,False,0,9,-106,11.2
2026-01-30T12:56:28.508054875Z,2026-01-30T13:56:28.508054875Z,2026-01-30T13:01:16.893745Z,device_uplink_frame_log,0001000000000002,1769778076894-0,ConfirmedDataUp,LoRaWANR1,"(120, 158, 38, 98)",1,02000000,48,False,False,False,False,0,False,[],d404d3925c,0,0,0,NTykLA==,CRC_OK,0001000000000001,0.0,72.0,48.86683,2.35672,UNKNOWN,2026-01-30T13:01:16.686906774Z,0,1361,868500000,125000,CR_4_5,False,False,0,9,-120,-2.8
2026-01-30T12:56:28.508054875Z,2026-01-30T13:56:28.508054875Z,2026-01-30T13:01:35.423569Z,device_uplink_frame_log,0001000000000002,1769778095423-0,ConfirmedDataUp,LoRaWANR1,"(213, 235, 88, 105)",1,02000000,49,False,False,False,False,0,False,[],942c4a25ec,0,0,0,Nld0LA==,CRC_OK,0001000000000001,0.0,72.0,48.86683,2.35672,UNKNOWN,2026-01-30T13:01:35.217186273Z,0,46276,868500000,125000,CR_4_5,False,False,0,9,-115,2.3
2026-01-30T12:56:28.508054875Z,2026-01-30T13:56:28.508054875Z,2026-01-30T13:01:53.953428Z,device_uplink_frame_log,0001000000000002,1769778113953-0,ConfirmedDataUp,LoRaWANR1,"(168, 52, 139, 80)",1,02000000,50,False,False,False,False,0,False,[],1ff8b721ad,0,0,0,N3JELA==,CRC_OK,0001000000000001,0.0,72.0,48.86683,2.35672,UNKNOWN,2026-01-30T13:01:53.747100871Z,0,2795,868500000,125000,CR_4_5,False,False,0,9,-104,13.5
2026-01-30T12:56:28.508054875Z,2026-01-30T13:56:28.508054875Z,2026-01-30T13:02:31.030395Z,device_uplink_frame_log,0001000000000002,1769778151030-0,ConfirmedDataUp,LoRaWANR1,"(84, 176, 43, 220)",1,02000000,52,False,False,False,False,0,False,[],1e36cda50b,0,0,0,OafkLA==,CRC_OK,0001000000000001,0.0,72.0,48.86683,2.35672,UNKNOWN,2026-01-30T13:02:30.817450491Z,0,43788,868100000,125000,CR_4_5,False,False,0,9,-105,11.7
2026-01-30T12:56:28.508054875Z,2026-01-30T13:56:28.508054875Z,2026-01-30T13:02:49.558544Z,device_uplink_frame_log,0001000000000002,1769778169558-0,ConfirmedDataUp,LoRaWANR1,"(139, 130, 203, 0)",1,02000000,53,False,False,False,False,0,False,[],ee8f04338f,0,0,0,OsK0LA==,CRC_OK,0001000000000001,0.0,72.0,48.86683,2.35672,UNKNOWN,2026-01-30T13:02:49.352313292Z,0,50302,868100000,125000,CR_4_5,False,False,0,9,-119,-2.4
2026-01-30T12:56:28.508054875Z,2026-01-30T13:56:28.508054875Z,2026-01-30T13:03:08.099581Z,device_uplink_frame_log,0001000000000002,1769778188099-0,ConfirmedDataUp,LoRaWANR1,"(158, 74, 115, 207)",1,02000000,54,False,False,False,False,0,False,[],3e2597cc77,0,0,0,O92ELA==,CRC_OK,0001000000000001,0.0,72.0,48.86683,2.35672,UNKNOWN,2026-01-30T13:03:07.892371781Z,0,21230,868100000,125000,CR_4_5,False,False,0,9,-116,0.8
2026-01-30T12:56:28.508054875Z,2026-01-30T13:56:28.508054875Z,2026-01-30T13:03:26.630029Z,device_uplink_frame_log,0001000000000002,1769778206630-0,ConfirmedDataUp,LoRaWANR1,"(81, 152, 24, 60)",1,02000000,55,False,False,False,False,0,False,[],14ebda7f72,0,0,0,PPhULA==,CRC_OK,0001000000000001,0.0,72.0,48.86683,2.35672,UNKNOWN,2026-01-30T13:03:26.422601214Z,0,53449,868500000,125000,CR_4_5,False,False,0,9,-104,12.8
2026-01-30T12:56:28.508054875Z,2026-01-30T13:56:28.508054875Z,2026-01-30T13:03:45.164145Z,device_uplink_frame_log,0001000000000002,1769778225164-0,ConfirmedDataUp,LoRaWANR1,"(127, 129, 112, 76)",1,02000000,56,False,False,False,False,0,False,[],490cfa2ba0,0,0,0,PhMkLA==,CRC_OK,0001000000000001,0.0,72.0,48.86683,2.35672,UNKNOWN,2026-01-30T13:03:44.957633613Z,0,53506,868100000,125000,CR_4_5,False,False,0,9,-107,9.8
2026-01-30T12:56:28.508054875Z,2026-01-30T13:56:28.508054875Z,2026-01-30T13:04:03.692912Z,device_uplink_frame_log,0001000000000002,1769778243693-0,ConfirmedDataUp,LoRaWANR1,"(100, 162, 232, 163)",1,02000000,57,False,False,False,False,0,False,[],aad0f47bfe,0,0,0,Py30LA==,CRC_OK,0001000000000001,0.0,72.0,48.86683,2.35672,UNKNOWN,2026-01-30T13:04:03.487981468Z,0,25932,868100000,125000,CR_4_5,False,False,0,9,-110,6.6
2026-01-30T12:56:28.508054875Z,2026-01-30T13:56:28.508054875Z,2026-01-30T13:04:22.231669Z,device_uplink_frame_log,0001000000000002,1769778262231-0,ConfirmedDataUp,LoRaWANR1,"(86, 205, 28, 95)",1,02000000,58,False,False,False,False,0,False,[],81ed814a0f,0,0,0,QEjELA==,CRC_OK,0001000000000001,0.0,72.0,48.86683,2.35672,UNKNOWN,2026-01-30T13:04:22.022956373Z,0,59993,868500000,125000,CR_4_5,False,False,0,9,-119,-2.1
2026-01-30T12:56:28.508054875Z,2026-01-30T13:56:28.508054875Z,2026-01-30T13:04:40.768897Z,device_uplink_frame_log,0001000000000002,1769778280769-0,ConfirmedDataUp,LoRaWANR1,"(72, 201, 218, 231)",1,02000000,59,False,False,False,False,0,False,[],4279de0315,0,0,0,QWOULA==,CRC_OK,0001000000000001,0.0,72.0,48.86683,2.35672,UNKNOWN,2026-01-30T13:04:40.563055500Z,0,43967,868100000,125000,CR_4_5,False,False,0,9,-124,-6.7
2026-01-30T12:56:28.508054875Z,2026-01-30T13:56:28.508054875Z,2026-01-30T13:04:59.298591Z,device_uplink_frame_log,0001000000000002,1769778299298-0,ConfirmedDataUp,LoRaWANR1,"(176, 54, 48, 103)",1,02000000,60,False,False,False,False,0,False,[],ac0f42eea5,0,0,0,Qn5kLA==,CRC_OK,0001000000000001,0.0,72.0,48.86683,2.35672,UNKNOWN,2026-01-30T13:04:59.093297573Z,0,28758,868500000,125000,CR_4_5,False,False,0,9,-116,1.3
2026-01-30T12:56:28.508054875Z,2026-01-30T13:56:28.508054875Z,2026-01-30T13:05:17.839605Z,device_uplink_frame_log,0001000000000002,1769778317839-0,ConfirmedDataUp,LoRaWANR1,"(50, 81, 117, 105)",1,02000000,61,False,False,False,False,0,False,[],88a6722103,0,0,0,Q5k0LA==,CRC_OK,0001000000000001,0.0,72.0,48.86683,2.35672,UNKNOWN,2026-01-30T13:05:17.633027673Z,0,7475,868300000,125000,CR_4_5,False,False,0,9,-110,7
2026-01-30T12:56:28.508054875Z,2026-01-30T13:56:28.508054875Z,2026-01-30T13:05:36.370959Z,device_uplink_frame_log,0001000000000002,1769778336371-0,ConfirmedDataUp,LoRaWANR1,"(110, 121, 84, 71)",1,02000000,62,False,False,False,False,0,False,[],2edf9606ca,0,0,0,RLQELA==,CRC_OK,0001000000000001,0.0,72.0,48.86683,2.35672,UNKNOWN,2026-01-30T13:05:36.163464614Z,0,63344,868500000,125000,CR_4_5,False,False,0,9,-108,9.2
2026-01-30T12:56:28.508054875Z,2026-01-30T13:56:28.508054875Z,2026-01-30T13:05:54.911709Z,device_uplink_frame_log,0001000000000002,1769778354912-0,ConfirmedDataUp,LoRaWANR1,"(227, 100, 68, 94)",1,02000000,63,False,False,False,False,0,False,[],421328502f,0,0,0,Rc7ULA==,CRC_OK,0001000000000001,0.0,72.0,48.86683,2.35672,UNKNOWN,2026-01-30T13:05:54.703536987Z,0,45665,868100000,125000,CR_4_5,False,False,0,9,-125,-8
2026-01-30T12:56:28.508054875Z,2026-01-30T13:56:28.508054875Z,2026-01-30T13:06:13.43486Z,device_uplink_frame_log,0001000000000002,1769778373435-0,ConfirmedDataUp,LoRaWANR1,"(151, 207, 201, 174)",1,02000000,64,False,False,False,False,0,False,[],e6b9bd58b5,0,0,0,RumkLA==,CRC_OK,0001000000000001,0.0,72.0,48.86683,2.35672,UNKNOWN,2026-01-30T13:06:13.228549931Z,0,30500,868500000,125000,CR_4_5,False,False,0,9,-121,-4
2026-01-30T12:56:28.508054875Z,2026-01-30T13:56:28.508054875Z,2026-01-30T13:06:31.983896Z,device_uplink_frame_log,0001000000000002,1769778391984-0,ConfirmedDataUp,LoRaWANR1,"(159, 47, 193, 231)",1,02000000,65,False,False,False,False,0,False,[],8846aaab2d,0,0,0,SAR0LA==,CRC_OK,0001000000000001,0.0,72.0,48.86683,2.35672,UNKNOWN,2026-01-30T13:06:31.769006194Z,0,44729,868100000,125000,CR_4_5,False,False,0,9,-113,3.9
2026-01-30T12:56:28.508054875Z,2026-01-30T13:56:28.508054875Z,2026-01-30T13:06:50.511113Z,device_uplink_frame_log,0001000000000002,1769778410511-0,ConfirmedDataUp,LoRaWANR1,"(109, 127, 42, 211)",1,02000000,66,False,False,False,False,0,False,[],9c158c4e23,0,0,0,SR9ELA==,CRC_OK,0001000000000001,0.0,72.0,48.86683,2.35672,UNKNOWN,2026-01-30T13:06:50.303650339Z,0,39055,868500000,125000,CR_4_5,False,False,0,9,-111,6.2
2026-01-30T12:56:28.508054875Z,2026-01-30T13:56:28.508054875Z,2026-01-30T13:07:09.040178Z,device_uplink_frame_log,0001000000000002,1769778429040-0,ConfirmedDataUp,LoRaWANR1,"(195, 17, 119, 65)",1,02000000,67,False,False,False,False,0,False,[],7edf64c749,0,0,0,SjoULA==,CRC_OK,0001000000000001,0.0,72.0,48.86683,2.35672,UNKNOWN,2026-01-30T13:07:08.833641704Z,0,55352,868100000,125000,CR_4_5,False,False,0,9,-121,-3.8
2026-01-30T12:56:28.508054875Z,2026-01-30T13:56:28.508054875Z,2026-01-30T13:07:27.581254Z,device_uplink_frame_log,0001000000000002,1769778447581-0,ConfirmedDataUp,LoRaWANR1,"(173, 172, 67, 181)",1,02000000,68,False,False,False,False,0,False,[],5d99ae4cf3,0,0,0,S1TkLA==,CRC_OK,0001000000000001,0.0,72.0,48.86683,2.35672,UNKNOWN,2026-01-30T13:07:27.373550003Z,0,3392,868100000,125000,CR_4_5,False,False,0,9,-117,0.4
2026-01-30T12:56:28.508054875Z,2026-01-30T13:56:28.508054875Z,2026-01-30T13:07:46.115091Z,device_uplink_frame_log,0001000000000002,1769778466115-0,ConfirmedDataUp,LoRaWANR1,"(96, 33, 51, 22)",1,02000000,69,False,False,False,False,0,False,[],6beab7cb4a,0,0,0,TG+0LA==,CRC_OK,0001000000000001,0.0,72.0,48.86683,2.35672,UNKNOWN,2026-01-30T13:07:45.908770425Z,0,54964,868100000,125000,CR_4_5,False,False,0,9,-124,-7.1
2026-01-30T12:56:28.508054875Z,2026-01-30T13:56:28.508054875Z,2026-01-30T13:08:04.645411Z,device_uplink_frame_log,0001000000000002,1769778484645-0,ConfirmedDataUp,LoRaWANR1,"(84, 62, 34, 3)",1,02000000,70,False,False,False,False,0,False,[],702e1b14c5,0,0,0,TYqELA==,CRC_OK,0001000000000001,0.0,72.0,48.86683,2.35672,UNKNOWN,2026-01-30T13:08:04.438651673Z,0,38829,868300000,125000,CR_4_5,False,False,0,9,-118,-1.1
2026-01-30T12:56:28.508054875Z,2026-01-30T13:56:28.508054875Z,2026-01-30T13:08:23.182324Z,device_uplink_frame_log,0001000000000002,1769778503182-0,ConfirmedDataUp,LoRaWANR1,"(230, 168, 31, 110)",1,02000000,71,False,False,False,False,0,False,[],69bdb12b53,0,0,0,TqVULA==,CRC_OK,0001000000000001,0.0,72.0,48.86683,2.35672,UNKNOWN,2026-01-30T13:08:22.976878166Z,0,7263,868100000,125000,CR_4_5,False,False,0,9,-117,0
2026-01-30T12:56:28.508054875Z,2026-01-30T13:56:28.508054875Z,2026-01-30T13:09:00.245348Z,device_uplink_frame_log,0001000000000002,1769778540245-0,ConfirmedDataUp,LoRaWANR1,"(69, 72, 48, 201)",1,02000000,73,False,False,False,False,0,False,[],7e78b33213,0,0,0,UNr0LA==,CRC_OK,0001000000000001,0.0,72.0,48.86683,2.35672,UNKNOWN,2026-01-30T13:09:00.039292505Z,0,56323,868500000,125000,CR_4_5,False,False,0,9,-123,-5.6
2026-01-30T12:56:28.508054875Z,2026-01-30T13:56:28.508054875Z,2026-01-30T13:09:18.782198Z,device_uplink_frame_log,0001000000000002,1769778558782-0,ConfirmedDataUp,LoRaWANR1,"(245, 187, 110, 81)",1,02000000,74,False,False,False,False,0,False,[],7ae7d914e9,0,0,0,UfXELA==,CRC_OK,0001000000000001,0.0,72.0,48.86683,2.35672,UNKNOWN,2026-01-30T13:09:18.574232901Z,0,9749,868100000,125000,CR_4_5,False,False,0,9,-109,8.1
2026-01-30T12:56:28.508054875Z,2026-01-30T13:56:28.508054875Z,2026-01-30T13:09:37.321306Z,device_uplink_frame_log,0001000000000002,1769778577321-0,ConfirmedDataUp,LoRaWANR1,"(2, 57, 246, 207)",1,02000000,75,False,False,False,False,0,False,[],6ddd31fa30,0,0,0,UxCULA==,CRC_OK,0001000000000001,0.0,72.0,48.86683,2.35672,UNKNOWN,2026-01-30T13:09:37.114701593Z,0,57984,868100000,125000,CR_4_5,False,False,0,9,-113,3.7
2026-01-30T12:56:28.508054875Z,2026-01-30T13:56:28.508054875Z,2026-01-30T13:09:55.863409Z,device_uplink_frame_log,0001000000000002,1769778595863-0,ConfirmedDataUp,LoRaWANR1,"(12, 5, 239, 235)",1,02000000,76,False,False,False,False,0,False,[],f1e3ba8e29,0,0,0,VCtkLA==,CRC_OK,0001000000000001,0.0,72.0,48.86683,2.35672,UNKNOWN,2026-01-30T13:09:55.655184187Z,0,45871,868500000,125000,CR_4_5,False,False,0,9,-123,-5.9
2026-01-30T12:56:28.508054875Z,2026-01-30T13:56:28.508054875Z,2026-01-30T13:10:14.388005Z,device_uplink_frame_log,0001000000000002,1769778614388-0,ConfirmedDataUp,LoRaWANR1,"(75, 206, 78, 176)",1,02000000,77,False,False,False,False,0,False,[],e30ac5738f,0,0,0,VUY0LA==,CRC_OK,0001000000000001,0.0,72.0,48.86683,2.35672,UNKNOWN,2026-01-30T13:10:14.180372352Z,0,39148,868100000,125000,CR_4_5,False,False,0,9,-120,-2.5
2026-01-30T12:56:28.508054875Z,2026-01-30T13:56:28.508054875Z,2026-01-30T13:10:32.93027Z,device_uplink_frame_log,0001000000000002,1769778632930-0,ConfirmedDataUp,LoRaWANR1,"(31, 201, 213, 132)",1,02000000,78,False,False,False,False,0,False,[],571e95bfe7,0,0,0,VmEELA==,CRC_OK,0001000000000001,0.0,72.0,48.86683,2.35672,UNKNOWN,2026-01-30T13:10:32.710426973Z,0,27616,868300000,125000,CR_4_5,False,False,0,9,-113,4.2
2026-01-30T12:56:28.508054875Z,2026-01-30T13:56:28.508054875Z,2026-01-30T13:10:51.453333Z,device_uplink_frame_log,0001000000000002,1769778651453-0,ConfirmedDataUp,LoRaWANR1,"(145, 210, 9, 43)",1,02000000,79,False,False,False,False,0,False,[],bf5b3e3db4,0,0,0,V3vULA==,CRC_OK,0001000000000001,0.0,72.0,48.86683,2.35672,UNKNOWN,2026-01-30T13:10:51.245842688Z,0,33521,868500000,125000,CR_4_5,False,False,0,9,-110,6.9
2026-01-30T12:56:28.508054875Z,2026-01-30T13:56:28.508054875Z,2026-01-30T13:11:09.991765Z,device_uplink_frame_log,0001000000000002,1769778669992-0,ConfirmedDataUp,LoRaWANR1,"(232, 38, 163, 169)",1,02000000,80,False,False,False,False,0,False,[],d51639286d,0,0,0,WJakLA==,CRC_OK,0001000000000001,0.0,72.0,48.86683,2.35672,UNKNOWN,2026-01-30T13:11:09.785974150Z,0,5782,868500000,125000,CR_4_5,False,False,0,9,-112,5
2026-01-30T12:56:28.508054875Z,2026-01-30T13:56:28.508054875Z,2026-01-30T13:11:28.525389Z,device_uplink_frame_log,0001000000000002,1769778688525-0,ConfirmedDataUp,LoRaWANR1,"(79, 153, 121, 107)",1,02000000,81,False,False,False,False,0,False,[],4d42410cbf,0,0,0,WbF0LA==,CRC_OK,0001000000000001,0.0,72.0,48.86683,2.35672,UNKNOWN,2026-01-30T13:11:28.316307766Z,0,32771,868300000,125000,CR_4_5,False,False,0,9,-113,4.2
2026-01-30T12:56:28.508054875Z,2026-01-30T13:56:28.508054875Z,2026-01-30T13:11:47.057481Z,device_uplink_frame_log,0001000000000002,1769778707057-0,ConfirmedDataUp,LoRaWANR1,"(48, 102, 196, 80)",1,02000000,82,False,False,False,False,0,False,[],f2a712714b,0,0,0,WsxELA==,CRC_OK,0001000000000001,0.0,72.0,48.86683,2.35672,UNKNOWN,2026-01-30T13:11:46.851352476Z,0,8900,868500000,125000,CR_4_5,False,False,0,9,-117,0.2
2026-01-30T12:56:28.508054875Z,2026-01-30T13:56:28.508054875Z,2026-01-30T13:12:05.588004Z,device_uplink_frame_log,0001000000000002,1769778725588-0,ConfirmedDataUp,LoRaWANR1,"(167, 4, 59, 100)",1,02000000,83,False,False,False,False,0,False,[],f7e8eeae71,0,0,0,W+cULA==,CRC_OK,0001000000000001,0.0,72.0,48.86683,2.35672,UNKNOWN,2026-01-30T13:12:05.381712045Z,0,55929,868300000,125000,CR_4_5,False,False,0,9,-127,-9.7
2026-01-30T12:56:28.508054875Z,2026-01-30T13:56:28.508054875Z,2026-01-30T13:12:24.150864Z,device_uplink_frame_log,0001000000000002,1769778744151-0,ConfirmedDataUp,LoRaWANR1,"(223, 57, 187, 137)",1,02000000,84,False,False,False,False,0,False,[],515f63bfaa,0,0,0,XQHkLA==,CRC_OK,0001000000000001,0.0,72.0,48.86683,2.35672,UNKNOWN,2026-01-30T13:12:23.944410375Z,0,49595,868100000,125000,CR_4_5,False,False,0,9,-114,3.5
2026-01-30T12:56:28.508054875Z,2026-01-30T13:56:28.508054875Z,2026-01-30T13:12:42.6684Z,device_uplink_frame_log,0001000000000002,1769778762668-0,ConfirmedDataUp,LoRaWANR1,"(160, 225, 103, 84)",1,02000000,85,False,False,False,False,0,False,[],f78ae1da26,0,0,0,Xhy0LA==,CRC_OK,0001000000000001,0.0,72.0,48.86683,2.35672,UNKNOWN,2026-01-30T13:12:42.459358317Z,0,31756,868300000,125000,CR_4_5,False,False,0,9,-114,3
2026-01-30T12:56:28.508054875Z,2026-01-30T13:56:28.508054875Z,2026-01-30T13:13:01.196349Z,device_uplink_frame_log,0001000000000002,1769778781196-0,ConfirmedDataUp,LoRaWANR1,"(7, 23, 167, 150)",1,02000000,86,False,False,False,False,0,False,[],72229a10f0,0,0,0,XzeELA==,CRC_OK,0001000000000001,0.0,72.0,48.86683,2.35672,UNKNOWN,2026-01-30T13:13:00.989591817Z,0,17631,868300000,125000,CR_4_5,False,False,0,9,-109,7.7
2026-01-30T12:56:28.508054875Z,2026-01-30T13:56:28.508054875Z,2026-01-30T13:13:19.731003Z,device_uplink_frame_log,0001000000000002,1769778799731-0,ConfirmedDataUp,LoRaWANR1,"(241, 127, 205, 74)",1,02000000,87,False,False,False,False,0,False,[],7681ab9b8d,0,0,0,YFJULA==,CRC_OK,0001000000000001,0.0,72.0,48.86683,2.35672,UNKNOWN,2026-01-30T13:13:19.524799738Z,0,7560,868500000,125000,CR_4_5,False,False,0,9,-114,2.6
2026-01-30T12:56:28.508054875Z,2026-01-30T13:56:28.508054875Z,2026-01-30T13:13:38.262233Z,device_uplink_frame_log,0001000000000002,1769778818262-0,ConfirmedDataUp,LoRaWANR1,"(218, 98, 114, 114)",1,02000000,88,False,False,False,False,0,False,[],15209d77fd,0,0,0,YW0kLA==,CRC_OK,0001000000000001,0.0,72.0,48.86683,2.35672,UNKNOWN,2026-01-30T13:13:38.055005875Z,0,1327,868500000,125000,CR_4_5,False,False,0,9,-109,8.3
2026-01-30T12:56:28.508054875Z,2026-01-30T13:56:28.508054875Z,2026-01-30T13:13:56.801559Z,device_uplink_frame_log,0001000000000002,1769778836801-0,ConfirmedDataUp,LoRaWANR1,"(157, 123, 255, 38)",1,02000000,89,False,False,False,False,0,False,[],f30a2c852a,0,0,0,Yof0LA==,CRC_OK,0001000000000001,0.0,72.0,48.86683,2.35672,UNKNOWN,2026-01-30T13:13:56.594828029Z,0,30944,868500000,125000,CR_4_5,False,False,0,9,-114,3.1
2026-01-30T12:56:28.508054875Z,2026-01-30T13:56:28.508054875Z,2026-01-30T13:14:15.335558Z,device_uplink_frame_log,0001000000000002,1769778855335-0,ConfirmedDataUp,LoRaWANR1,"(225, 74, 70, 40)",1,02000000,90,False,False,False,False,0,False,[],3e682894ce,0,0,0,Y6LELA==,CRC_OK,0001000000000001,0.0,72.0,48.86683,2.35672,UNKNOWN,2026-01-30T13:14:15.130002863Z,0,64794,868100000,125000,CR_4_5,False,False,0,9,-108,8.9
2026-01-30T12:56:28.508054875Z,2026-01-30T13:56:28.508054875Z,2026-01-30T13:14:33.867358Z,device_uplink_frame_log,0001000000000002,1769778873868-0,ConfirmedDataUp,LoRaWANR1,"(170, 159, 67, 189)",1,02000000,91,False,False,False,False,0,False,[],be98fb113c,0,0,0,ZL2ULA==,CRC_OK,0001000000000001,0.0,72.0,48.86683,2.35672,UNKNOWN,2026-01-30T13:14:33.660083333Z,0,48128,868100000,125000,CR_4_5,False,False,0,9,-110,7.2
2026-01-30T12:56:28.508054875Z,2026-01-30T13:56:28.508054875Z,2026-01-30T13:14:52.401411Z,device_uplink_frame_log,0001000000000002,1769778892401-0,ConfirmedDataUp,LoRaWANR1,"(48, 142, 22, 151)",1,02000000,92,False,False,False,False,0,False,[],080bfd43f6,0,0,0,ZdhkLA==,CRC_OK,0001000000000001,0.0,72.0,48.86683,2.35672,UNKNOWN,2026-01-30T13:14:52.195010743Z,0,21524,868500000,125000,CR_4_5,False,False,0,9,-122,-4.8
2026-01-30T12:56:28.508054875Z,2026-01-30T13:56:28.508054875Z,2026-01-30T13:15:10.941513Z,device_uplink_frame_log,0001000000000002,1769778910941-0,ConfirmedDataUp,LoRaWANR1,"(19, 116, 122, 44)",1,02000000,93,False,False,False,False,0,False,[],fb351cfdb1,0,0,0,ZvM0LA==,CRC_OK,0001000000000001,0.0,72.0,48.86683,2.35672,UNKNOWN,2026-01-30T13:15:10.734734277Z,0,36139,868500000,125000,CR_4_5,False,False,0,9,-113,4.2
2026-01-30T12:56:28.508054875Z,2026-01-30T13:56:28.508054875Z,2026-01-30T13:15:29.470475Z,device_uplink_frame_log,0001000000000002,1769778929470-0,ConfirmedDataUp,LoRaWANR1,"(197, 73, 176, 251)",1,02000000,94,False,False,False,False,0,False,[],10c49f65c4,0,0,0,aA4ELA==,CRC_OK,0001000000000001,0.0,72.0,48.86683,2.35672,UNKNOWN,2026-01-30T13:15:29.264827834Z,0,23103,868500000,125000,CR_4_5,False,False,0,9,-111,6.2
2026-01-30T12:56:28.508054875Z,2026-01-30T13:56:28.508054875Z,2026-01-30T13:15:48.009878Z,device_uplink_frame_log,0001000000000002,1769778948010-0,ConfirmedDataUp,LoRaWANR1,"(117, 26, 100, 62)",1,02000000,95,False,False,False,False,0,False,[],af10f44451,0,0,0,aSjULA==,CRC_OK,0001000000000001,0.0,72.0,48.86683,2.35672,UNKNOWN,2026-01-30T13:15:47.799992839Z,0,30200,868500000,125000,CR_4_5,False,False,0,9,-114,2.8
2026-01-30T12:56:28.508054875Z,2026-01-30T13:56:28.508054875Z,2026-01-30T13:16:06.545432Z,device_uplink_frame_log,0001000000000002,1769778966545-0,ConfirmedDataUp,LoRaWANR1,"(6, 48, 230, 111)",1,02000000,96,False,False,False,False,0,False,[],a6650f61fb,0,0,0,akOkLA==,CRC_OK,0001000000000001,0.0,72.0,48.86683,2.35672,UNKNOWN,2026-01-30T13:16:06.330408647Z,0,41623,868500000,125000,CR_4_5,False,False,0,9,-110,7.4
2026-01-30T12:56:28.508054875Z,2026-01-30T13:56:28.508054875Z,2026-01-30T13:16:25.078227Z,device_uplink_frame_log,0001000000000002,1769778985078-0,ConfirmedDataUp,LoRaWANR1,"(238, 223, 98, 178)",1,02000000,97,False,False,False,False,0,False,[],145adbb956,0,0,0,a150LA==,CRC_OK,0001000000000001,0.0,72.0,48.86683,2.35672,UNKNOWN,2026-01-30T13:16:24.872064823Z,0,23329,868100000,125000,CR_4_5,False,False,0,9,-119,-2
2026-01-30T12:56:28.508054875Z,2026-01-30T13:56:28.508054875Z,2026-01-30T13:16:43.614005Z,device_uplink_frame_log,0001000000000002,1769779003614-0,ConfirmedDataUp,LoRaWANR1,"(85, 250, 176, 135)",1,02000000,98,False,False,False,False,0,False,[],f461781f87,0,0,0,bHlELA==,CRC_OK,0001000000000001,0.0,72.0,48.86683,2.35672,UNKNOWN,2026-01-30T13:16:43.407552318Z,0,920,868300000,125000,CR_4_5,False,False,0,9,-111,6.1
2026-01-30T12:56:28.508054875Z,2026-01-30T13:56:28.508054875Z,2026-01-30T13:17:02.144244Z,device_uplink_frame_log,0001000000000002,1769779022144-0,ConfirmedDataUp,LoRaWANR1,"(54, 164, 240, 119)",1,02000000,99,False,False,False,False,0,False,[],58a6a4aa2b,0,0,0,bZQULA==,CRC_OK,0001000000000001,0.0,72.0,48.86683,2.35672,UNKNOWN,2026-01-30T13:17:01.937730824Z,0,17732,868100000,125000,CR_4_5,False,False,0,9,-122,-4.6
2026-01-30T12:56:28.508054875Z,2026-01-30T13:56:28.508054875Z,2026-01-30T13:17:20.679198Z,device_uplink_frame_log,0001000000000002,1769779040679-0,ConfirmedDataUp,LoRaWANR1,"(109, 228, 112, 76)",1,02000000,100,False,False,False,False,0,False,[],3029bdad7e,0,0,0,bq7kLA==,CRC_OK,0001000000000001,0.0,72.0,48.86683,2.35672,UNKNOWN,2026-01-30T13:17:20.472617635Z,0,45420,868300000,125000,CR_4_5,False,False,0,9,-109,7.8
2026-01-30T12:56:28.508054875Z,2026-01-30T13:56:28.508054875Z,2026-01-30T13:17:39.209463Z,device_uplink_frame_log,0001000000000002,1769779059209-0,ConfirmedDataUp,LoRaWANR1,"(252, 255, 94, 78)",1,02000000,101,False,False,False,False,0,False,[],75f4582f78,0,0,0,b8m0LA==,CRC_OK,0001000000000001,0.0,72.0,48.86683,2.35672,UNKNOWN,2026-01-30T13:17:39.003041795Z,0,50017,868300000,125000,CR_4_5,False,False,0,9,-115,1.9
2026-01-30T12:56:28.508054875Z,2026-01-30T13:56:28.508054875Z,2026-01-30T13:17:57.749697Z,device_uplink_frame_log,0001000000000002,1769779077749-0,ConfirmedDataUp,LoRaWANR1,"(173, 110, 239, 34)",1,02000000,102,False,False,False,False,0,False,[],f93ff5246a,0,0,0,cOSELA==,CRC_OK,0001000000000001,0.0,72.0,48.86683,2.35672,UNKNOWN,2026-01-30T13:17:57.543530198Z,0,11491,868500000,125000,CR_4_5,False,False,0,9,-124,-7.1
2026-01-30T12:56:28.508054875Z,2026-01-30T13:56:28.508054875Z,2026-01-30T13:18:16.291884Z,device_uplink_frame_log,0001000000000002,1769779096292-0,ConfirmedDataUp,LoRaWANR1,"(48, 18, 225, 207)",1,02000000,103,False,False,False,False,0,False,[],26cdcbdf0b,0,0,0,cf9ULA==,CRC_OK,0001000000000001,0.0,72.0,48.86683,2.35672,UNKNOWN,2026-01-30T13:18:16.078517256Z,0,50181,868100000,125000,CR_4_5,False,False,0,9,-114,3
2026-01-30T12:56:28.508054875Z,2026-01-30T13:56:28.508054875Z,2026-01-30T13:18:34.814181Z,device_uplink_frame_log,0001000000000002,1769779114814-0,ConfirmedDataUp,LoRaWANR1,"(212, 122, 245, 43)",1,02000000,104,False,False,False,False,0,False,[],287110d603,0,0,0,cxokLA==,CRC_OK,0001000000000001,0.0,72.0,48.86683,2.35672,UNKNOWN,2026-01-30T13:18:34.608529480Z,0,12236,868300000,125000,CR_4_5,False,False,0,9,-112,4.6
2026-01-30T12:56:28.508054875Z,2026-01-30T13:56:28.508054875Z,2026-01-30T13:18:53.34824Z,device_uplink_frame_log,0001000000000002,1769779133348-0,ConfirmedDataUp,LoRaWANR1,"(157, 51, 130, 218)",1,02000000,105,False,False,False,False,0,False,[],191ad66a5d,0,0,0,dDT0LA==,CRC_OK,0001000000000001,0.0,72.0,48.86683,2.35672,UNKNOWN,2026-01-30T13:18:53.143469475Z,0,56935,868300000,125000,CR_4_5,False,False,0,9,-122,-4.8
2026-01-30T12:56:28.508054875Z,2026-01-30T13:56:28.508054875Z,2026-01-30T13:19:11.878887Z,device_uplink_frame_log,0001000000000002,1769779151879-0,ConfirmedDataUp,LoRaWANR1,"(9, 236, 28, 106)",1,02000000,106,False,False,False,False,0,False,[],6f58beec42,0,0,0,dU/ELA==,CRC_OK,0001000000000001,0.0,72.0,48.86683,2.35672,UNKNOWN,2026-01-30T13:19:11.673576589Z,0,42020,868300000,125000,CR_4_5,False,False,0,9,-108,9
2026-01-30T12:56:28.508054875Z,2026-01-30T13:56:28.508054875Z,2026-01-30T13:19:30.418777Z,device_uplink_frame_log,0001000000000002,1769779170419-0,ConfirmedDataUp,LoRaWANR1,"(63, 74, 215, 82)",1,02000000,107,False,False,False,False,0,False,[],52d1328399,0,0,0,dmqULA==,CRC_OK,0001000000000001,0.0,72.0,48.86683,2.35672,UNKNOWN,2026-01-30T13:19:30.213682451Z,0,30091,868100000,125000,CR_4_5,False,False,0,9,-114,3.2
2026-01-30T12:56:28.508054875Z,2026-01-30T13:56:28.508054875Z,2026-01-30T13:19:48.955435Z,device_uplink_frame_log,0001000000000002,1769779188955-0,ConfirmedDataUp,LoRaWANR1,"(127, 167, 180, 1)",1,02000000,108,False,False,False,False,0,False,[],83e1f5634d,0,0,0,d4VkLQ==,CRC_OK,0001000000000001,0.0,72.0,48.86683,2.35672,UNKNOWN,2026-01-30T13:19:48.748998800Z,0,22408,868300000,125000,CR_4_5,False,False,0,9,-116,0.7
2026-01-30T12:56:28.508054875Z,2026-01-30T13:56:28.508054875Z,2026-01-30T13:20:07.483808Z,device_uplink_frame_log,0001000000000002,1769779207484-0,ConfirmedDataUp,LoRaWANR1,"(46, 32, 212, 76)",1,02000000,109,False,False,False,False,0,False,[],21071337ab,0,0,0,eKA0LQ==,CRC_OK,0001000000000001,0.0,72.0,48.86683,2.35672,UNKNOWN,2026-01-30T13:20:07.278935931Z,0,21207,868300000,125000,CR_4_5,False,False,0,9,-108,9.5
2026-01-30T12:56:28.508054875Z,2026-01-30T13:56:28.508054875Z,2026-01-30T13:20:26.024828Z,device_uplink_frame_log,0001000000000002,1769779226025-0,ConfirmedDataUp,LoRaWANR1,"(85, 37, 200, 48)",1,02000000,110,False,False,False,False,0,False,[],9d931e02e2,0,0,0,ebsELQ==,CRC_OK,0001000000000001,0.0,72.0,48.86683,2.35672,UNKNOWN,2026-01-30T13:20:25.818858627Z,0,62553,868100000,125000,CR_4_5,False,False,0,9,-118,-0.5
2026-01-30T12:56:28.508054875Z,2026-01-30T13:56:28.508054875Z,2026-01-30T13:20:44.566106Z,device_uplink_frame_log,0001000000000002,1769779244566-0,ConfirmedDataUp,LoRaWANR1,"(138, 83, 78, 65)",1,02000000,111,False,False,False,False,0,False,[],2fd419eb36,0,0,0,etXULQ==,CRC_OK,0001000000000001,0.0,72.0,48.86683,2.35672,UNKNOWN,2026-01-30T13:20:44.359832183Z,0,58331,868500000,125000,CR_4_5,False,False,0,9,-111,5.6
2026-01-30T12:56:28.508054875Z,2026-01-30T13:56:28.508054875Z,2026-01-30T13:21:03.090774Z,device_uplink_frame_log,0001000000000002,1769779263091-0,ConfirmedDataUp,LoRaWANR1,"(189, 176, 85, 83)",1,02000000,112,False,False,False,False,0,False,[],7db0a34341,0,0,0,e/CkLQ==,CRC_OK,0001000000000001,0.0,72.0,48.86683,2.35672,UNKNOWN,2026-01-30T13:21:02.884030090Z,0,10396,868100000,125000,CR_4_5,False,False,0,9,-111,5.9
2026-01-30T12:56:28.508054875Z,2026-01-30T13:56:28.508054875Z,2026-01-30T13:21:21.640658Z,device_uplink_frame_log,0001000000000002,1769779281640-0,ConfirmedDataUp,LoRaWANR1,"(23, 170, 249, 177)",1,02000000,113,False,False,False,False,0,False,[],0b94b1ef67,0,0,0,fQt0LQ==,CRC_OK,0001000000000001,0.0,72.0,48.86683,2.35672,UNKNOWN,2026-01-30T13:21:21.434288748Z,0,11600,868100000,125000,CR_4_5,False,False,0,9,-110,7.3
2026-01-30T12:56:28.508054875Z,2026-01-30T13:56:28.508054875Z,2026-01-30T13:21:40.160593Z,device_uplink_frame_log,0001000000000002,1769779300160-0,ConfirmedDataUp,LoRaWANR1,"(111, 202, 164, 14)",1,02000000,114,False,False,False,False,0,False,[],67f48f5258,0,0,0,fiZELQ==,CRC_OK,0001000000000001,0.0,72.0,48.86683,2.35672,UNKNOWN,2026-01-30T13:21:39.954402727Z,0,26423,868100000,125000,CR_4_5,False,False,0,9,-112,4.9
2026-01-30T12:56:28.508054875Z,2026-01-30T13:56:28.508054875Z,2026-01-30T13:21:58.692023Z,device_uplink_frame_log,0001000000000002,1769779318692-0,ConfirmedDataUp,LoRaWANR1,"(51, 114, 205, 229)",1,02000000,115,False,False,False,False,0,False,[],6a2eb2d4b2,0,0,0,f0EULQ==,CRC_OK,0001000000000001,0.0,72.0,48.86683,2.35672,UNKNOWN,2026-01-30T13:21:58.484994874Z,0,61200,868300000,125000,CR_4_5,False,False,0,9,-109,7.9
2026-01-30T12:56:28.508054875Z,2026-01-30T13:56:28.508054875Z,2026-01-30T13:22:17.225682Z,device_uplink_frame_log,0001000000000002,1769779337225-0,ConfirmedDataUp,LoRaWANR1,"(161, 48, 188, 10)",1,02000000,116,False,False,False,False,0,False,[],897361f666,0,0,0,gFvkLQ==,CRC_OK,0001000000000001,0.0,72.0,48.86683,2.35672,UNKNOWN,2026-01-30T13:22:17.019684738Z,0,7652,868100000,125000,CR_4_5,False,False,0,9,-109,8.2
2026-01-30T12:56:28.508054875Z,2026-01-30T13:56:28.508054875Z,2026-01-30T13:22:35.766725Z,device_uplink_frame_log,0001000000000002,1769779355766-0,ConfirmedDataUp,LoRaWANR1,"(171, 185, 229, 94)",1,02000000,117,False,False,False,False,0,False,[],cb58d9d4bc,0,0,0,gXa0LQ==,CRC_OK,0001000000000001,0.0,72.0,48.86683,2.35672,UNKNOWN,2026-01-30T13:22:35.559769613Z,0,1129,868500000,125000,CR_4_5,False,False,0,9,-108,9
2026-01-30T12:56:28.508054875Z,2026-01-30T13:56:28.508054875Z,2026-01-30T13:22:54.299404Z,device_uplink_frame_log,0001000000000002,1769779374299-0,ConfirmedDataUp,LoRaWANR1,"(149, 229, 242, 240)",1,02000000,118,False,False,False,False,0,False,[],b17e6c87ba,0,0,0,gpGELQ==,CRC_OK,0001000000000001,0.0,72.0,48.86683,2.35672,UNKNOWN,2026-01-30T13:22:54.093015172Z,0,8211,868300000,125000,CR_4_5,False,False,0,9,-115,2.5
2026-01-30T12:56:28.508054875Z,2026-01-30T13:56:28.508054875Z,2026-01-30T13:23:12.834417Z,device_uplink_frame_log,0001000000000002,1769779392834-0,ConfirmedDataUp,LoRaWANR1,"(67, 81, 217, 248)",1,02000000,119,False,False,False,False,0,False,[],3d154bb693,0,0,0,g6xULQ==,CRC_OK,0001000000000001,0.0,72.0,48.86683,2.35672,UNKNOWN,2026-01-30T13:23:12.628302852Z,0,62859,868100000,125000,CR_4_5,False,False,0,9,-113,4.4
2026-01-30T12:56:28.508054875Z,2026-01-30T13:56:28.508054875Z,2026-01-30T13:23:31.364987Z,device_uplink_frame_log,0001000000000002,1769779411365-0,ConfirmedDataUp,LoRaWANR1,"(82, 25, 219, 74)",1,02000000,120,False,False,False,False,0,False,[],5515411095,0,0,0,hMckLQ==,CRC_OK,0001000000000001,0.0,72.0,48.86683,2.35672,UNKNOWN,2026-01-30T13:23:31.158390295Z,0,64050,868300000,125000,CR_4_5,False,False,0,9,-110,7.4
2026-01-30T12:56:28.508054875Z,2026-01-30T13:56:28.508054875Z,2026-01-30T13:23:49.900345Z,device_uplink_frame_log,0001000000000002,1769779429900-0,ConfirmedDataUp,LoRaWANR1,"(151, 81, 148, 72)",1,02000000,121,False,False,False,False,0,False,[],5e6d3d2446,0,0,0,heH0LQ==,CRC_OK,0001000000000001,0.0,72.0,48.86683,2.35672,UNKNOWN,2026-01-30T13:23:49.693628153Z,0,65209,868300000,125000,CR_4_5,False,False,0,9,-126,-9
2026-01-30T12:56:28.508054875Z,2026-01-30T13:56:28.508054875Z,2026-01-30T13:24:08.430319Z,device_uplink_frame_log,0001000000000002,1769779448430-0,ConfirmedDataUp,LoRaWANR1,"(160, 240, 50, 227)",1,02000000,122,False,False,False,False,0,False,[],7e7d503648,0,0,0,hvzELQ==,CRC_OK,0001000000000001,0.0,72.0,48.86683,2.35672,UNKNOWN,2026-01-30T13:24:08.223633477Z,0,23464,868100000,125000,CR_4_5,False,False,0,9,-111,5.6
2026-01-30T12:56:28.508054875Z,2026-01-30T13:56:28.508054875Z,2026-01-30T13:24:26.970829Z,device_uplink_frame_log,0001000000000002,1769779466971-0,ConfirmedDataUp,LoRaWANR1,"(174, 132, 87, 250)",1,02000000,123,False,False,False,False,0,False,[],98b3253528,0,0,0,iBeULQ==,CRC_OK,0001000000000001,0.0,72.0,48.86683,2.35672,UNKNOWN,2026-01-30T13:24:26.764615813Z,0,63284,868100000,125000,CR_4_5,False,False,0,9,-109,8.2
2026-01-30T12:56:28.508054875Z,2026-01-30T13:56:28.508054875Z,2026-01-30T13:24:45.506823Z,device_uplink_frame_log,0001000000000002,1769779485507-0,ConfirmedDataUp,LoRaWANR1,"(7, 45, 56, 232)",1,02000000,124,False,False,False,False,0,False,[],a16d17bfb9,0,0,0,iTJkLQ==,CRC_OK,0001000000000001,0.0,72.0,48.86683,2.35672,UNKNOWN,2026-01-30T13:24:45.300675153Z,0,29963,868300000,125000,CR_4_5,False,False,0,9,-109,7.6
2026-01-30T12:56:28.508054875Z,2026-01-30T13:56:28.508054875Z,2026-01-30T13:25:04.037395Z,device_uplink_frame_log,0001000000000002,1769779504037-0,ConfirmedDataUp,LoRaWANR1,"(34, 216, 224, 88)",1,02000000,125,False,False,False,False,0,False,[],f8d974279d,0,0,0,ik00LQ==,CRC_OK,0001000000000001,0.0,72.0,48.86683,2.35672,UNKNOWN,2026-01-30T13:25:03.830716591Z,0,24673,868300000,125000,CR_4_5,False,False,0,9,-109,7.7
2026-01-30T12:56:28.508054875Z,2026-01-30T13:56:28.508054875Z,2026-01-30T13:25:22.571656Z,device_uplink_frame_log,0001000000000002,1769779522571-0,ConfirmedDataUp,LoRaWANR1,"(79, 94, 59, 107)",1,02000000,126,False,False,False,False,0,False,[],8e75ed351b,0,0,0,i2gELQ==,CRC_OK,0001000000000001,0.0,72.0,48.86683,2.35672,UNKNOWN,2026-01-30T13:25:22.365822811Z,0,14657,868100000,125000,CR_4_5,False,False,0,9,-113,4
2026-01-30T12:56:28.508054875Z,2026-01-30T13:56:28.508054875Z,2026-01-30T13:25:41.106935Z,device_uplink_frame_log,0001000000000002,1769779541107-0,ConfirmedDataUp,LoRaWANR1,"(203, 130, 151, 191)",1,02000000,127,False,False,False,False,0,False,[],03203a9903,0,0,0,jILULQ==,CRC_OK,0001000000000001,0.0,72.0,48.86683,2.35672,UNKNOWN,2026-01-30T13:25:40.895998092Z,0,54516,868500000,125000,CR_4_5,False,False,0,9,-122,-4.7
2026-01-30T12:56:28.508054875Z,2026-01-30T13:56:28.508054875Z,2026-01-30T13:25:59.641336Z,device_uplink_frame_log,0001000000000002,1769779559641-0,ConfirmedDataUp,LoRaWANR1,"(72, 14, 92, 201)",1,02000000,128,False,False,False,False,0,False,[],d457735926,0,0,0,jZ2kLQ==,CRC_OK,0001000000000001,0.0,72.0,48.86683,2.35672,UNKNOWN,2026-01-30T13:25:59.436264186Z,0,53615,868500000,125000,CR_4_5,False,False,0,9,-123,-5.8
2026-01-30T12:56:28.508054875Z,2026-01-30T13:56:28.508054875Z,2026-01-30T13:26:18.177017Z,device_uplink_frame_log,0001000000000002,1769779578177-0,ConfirmedDataUp,LoRaWANR1,"(70, 224, 120, 172)",1,02000000,129,False,False,False,False,0,False,[],0ca2c38594,0,0,0,jrh0LQ==,CRC_OK,0001000000000001,0.0,72.0,48.86683,2.35672,UNKNOWN,2026-01-30T13:26:17.971121489Z,0,19642,868100000,125000,CR_4_5,False,False,0,9,-111,5.8
2026-01-30T12:56:28.508054875Z,2026-01-30T13:56:28.508054875Z,2026-01-30T13:26:36.707971Z,device_uplink_frame_log,0001000000000002,1769779596708-0,ConfirmedDataUp,LoRaWANR1,"(193, 62, 181, 71)",1,02000000,130,False,False,False,False,0,False,[],a58a4794c3,0,0,0,j9NELQ==,CRC_OK,0001000000000001,0.0,72.0,48.86683,2.35672,UNKNOWN,2026-01-30T13:26:36.501413334Z,0,8391,868500000,125000,CR_4_5,False,False,0,9,-114,3.5
2026-01-30T12:56:28.508054875Z,2026-01-30T13:56:28.508054875Z,2026-01-30T13:26:55.248403Z,device_uplink_frame_log,0001000000000002,1769779615248-0,ConfirmedDataUp,LoRaWANR1,"(210, 217, 160, 226)",1,02000000,131,False,False,False,False,0,False,[],76fb6ec2f5,0,0,0,kO4ULQ==,CRC_OK,0001000000000001,0.0,72.0,48.86683,2.35672,UNKNOWN,2026-01-30T13:26:55.041489418Z,0,14583,868100000,125000,CR_4_5,False,False,0,9,-112,5.2
2026-01-30T12:56:28.508054875Z,2026-01-30T13:56:28.508054875Z,2026-01-30T13:27:13.784179Z,device_uplink_frame_log,0001000000000002,1769779633784-0,ConfirmedDataUp,LoRaWANR1,"(246, 170, 57, 10)",1,02000000,132,False,False,False,False,0,False,[],4aa9a2ef74,0,0,0,kgjkLQ==,CRC_OK,0001000000000001,0.0,72.0,48.86683,2.35672,UNKNOWN,2026-01-30T13:27:13.576788794Z,0,20690,868100000,125000,CR_4_5,False,False,0,9,-113,4.1
2026-01-30T12:56:28.508054875Z,2026-01-30T13:56:28.508054875Z,2026-01-30T13:28:20.2901Z,device_uplink_frame_log,0001000000000002,1769779700290-0,ConfirmedDataUp,LoRaWANR1,"(194, 123, 75, 232)",1,02000000,0,False,True,False,False,0,False,[],98be27e689,0,0,0,ADWkKw==,CRC_OK,0001000000000001,0.0,72.0,48.86683,2.35672,UNKNOWN,2026-01-30T13:28:20.082927134Z,0,9063,868100000,125000,CR_4_5,False,False,0,9,-118,-1.3
2026-01-30T12:56:28.508054875Z,2026-01-30T13:56:28.508054875Z,2026-01-30T13:28:25.314398Z,device_uplink_frame_log,0001000000000002,1769779705314-0,ConfirmedDataUp,LoRaWANR1,"(30, 112, 246, 166)",1,02000000,1,False,True,False,False,6,False,"[{'NewChannelAns': {'channel_freq_ok': True, 'dr_range_ok': True}}, {'NewChannelAns': {'channel_freq_ok': True, 'dr_range_ok': True}}, {'NewChannelAns': {'channel_freq_ok': True, 'dr_range_ok': True}}]",9623e8d550,0,0,0,AII/aw==,CRC_OK,0001000000000001,0.0,72.0,48.86683,2.35672,UNKNOWN,2026-01-30T13:28:25.107605123Z,0,33428,867300000,125000,CR_4_5,False,False,0,9,-113,4
2026-01-30T12:56:28.508054875Z,2026-01-30T13:56:28.508054875Z,2026-01-30T13:28:38.841072Z,device_uplink_frame_log,0001000000000002,1769779718841-0,ConfirmedDataUp,LoRaWANR1,"(168, 13, 123, 45)",1,02000000,2,False,True,False,False,4,False,"[{'NewChannelAns': {'channel_freq_ok': True, 'dr_range_ok': True}}, {'NewChannelAns': {'channel_freq_ok': True, 'dr_range_ok': True}}]",e8b715a52a,0,0,0,AVDEKw==,CRC_OK,0001000000000001,0.0,72.0,48.86683,2.35672,UNKNOWN,2026-01-30T13:28:38.632696798Z,0,65363,868300000,125000,CR_4_5,False,False,0,9,-111,5.6
2026-01-30T12:56:28.508054875Z,2026-01-30T13:56:28.508054875Z,2026-01-30T13:28:45.744822Z,device_uplink_frame_log,0001000000000002,1769779725745-0,ConfirmedDataUp,LoRaWANR1,"(239, 13, 22, 44)",1,02000000,3,False,True,False,False,2,False,"[{'LinkADRAns': {'ch_mask_ack': True, 'dr_ack': True, 'tx_power_ack': True}}]",6f65b7b635,0,0,0,AboIaw==,CRC_OK,0001000000000001,0.0,72.0,48.86683,2.35672,UNKNOWN,2026-01-30T13:28:45.537657906Z,0,38175,867300000,125000,CR_4_5,False,False,0,7,-108,9.2
2026-01-30T12:56:28.508054875Z,2026-01-30T13:56:28.508054875Z,2026-01-30T13:28:57.055712Z,device_uplink_frame_log,0001000000000002,1769779737055-0,ConfirmedDataUp,LoRaWANR1,"(206, 248, 176, 163)",1,02000000,5,False,True,False,False,0,False,[],36db4b87f2,0,0,0,Amacaw==,CRC_OK,0001000000000001,0.0,72.0,48.86683,2.35672,UNKNOWN,2026-01-30T13:28:56.847724632Z,0,21014,867300000,125000,CR_4_5,False,False,0,7,-119,-1.7
2026-01-30T12:56:28.508054875Z,2026-01-30T13:56:28.508054875Z,2026-01-30T13:29:00.159502Z,device_uplink_frame_log,0001000000000002,1769779740159-0,ConfirmedDataUp,LoRaWANR1,"(192, 213, 107, 173)",1,02000000,6,False,True,False,False,2,False,"[{'LinkADRAns': {'ch_mask_ack': True, 'dr_ack': True, 'tx_power_ack': True}}]",d7d356c565,0,0,0,ApYHKw==,CRC_OK,0001000000000001,0.0,72.0,48.86683,2.35672,UNKNOWN,2026-01-30T13:28:59.952893079Z,0,47787,868100000,125000,CR_4_5,False,False,0,7,-118,-0.8
2026-01-30T12:56:28.508054875Z,2026-01-30T13:56:28.508054875Z,2026-01-30T13:29:05.153732Z,device_uplink_frame_log,0001000000000002,1769779745153-0,ConfirmedDataUp,LoRaWANR1,"(76, 8, 238, 31)",1,02000000,7,False,True,False,False,0,False,[],f5cd26fa82,0,0,0,AuI+aw==,CRC_OK,0001000000000001,0.0,72.0,48.86683,2.35672,UNKNOWN,2026-01-30T13:29:04.948110069Z,0,25266,867500000,125000,CR_4_5,False,False,0,7,-123,-5.9
2026-01-30T12:56:28.508054875Z,2026-01-30T13:56:28.508054875Z,2026-01-30T13:29:10.159656Z,device_uplink_frame_log,0001000000000002,1769779750160-0,ConfirmedDataUp,LoRaWANR1,"(198, 22, 14, 246)",1,02000000,8,False,True,False,False,0,False,[],f7827407b8,0,0,0,Ay6Jqw==,CRC_OK,0001000000000001,0.0,72.0,48.86683,2.35672,UNKNOWN,2026-01-30T13:29:09.953187306Z,0,53780,868100000,125000,CR_4_5,False,False,0,7,-123,-6
2026-01-30T12:56:28.508054875Z,2026-01-30T13:56:28.508054875Z,2026-01-30T13:29:15.153516Z,device_uplink_frame_log,0001000000000002,1769779755153-0,ConfirmedDataUp,LoRaWANR1,"(135, 74, 65, 104)",1,02000000,9,False,True,False,False,0,False,[],e228648633,0,0,0,A3rU6w==,CRC_OK,0001000000000001,0.0,72.0,48.86683,2.35672,UNKNOWN,2026-01-30T13:29:14.948096146Z,0,11124,867900000,125000,CR_4_5,False,False,0,7,-123,-5.9
2026-01-30T12:56:28.508054875Z,2026-01-30T13:56:28.508054875Z,2026-01-30T13:29:20.166473Z,device_uplink_frame_log,0001000000000002,1769779760166-0,ConfirmedDataUp,LoRaWANR1,"(53, 214, 131, 60)",1,02000000,10,False,True,False,False,0,False,[],6723d11699,0,0,0,A8cgKw==,CRC_OK,0001000000000001,0.0,72.0,48.86683,2.35672,UNKNOWN,2026-01-30T13:29:19.949071865Z,0,54300,868100000,125000,CR_4_5,False,False,0,7,-117,-0.2
2026-01-30T12:56:28.508054875Z,2026-01-30T13:56:28.508054875Z,2026-01-30T13:29:25.150225Z,device_uplink_frame_log,0001000000000002,1769779765150-0,ConfirmedDataUp,LoRaWANR1,"(91, 162, 1, 248)",1,02000000,11,False,True,False,False,0,False,[],2430b432de,0,0,0,BBNraw==,CRC_OK,0001000000000001,0.0,72.0,48.86683,2.35672,UNKNOWN,2026-01-30T13:29:24.943952188Z,0,54055,867500000,125000,CR_4_5,False,False,0,7,-115,1.9
2026-01-30T12:56:28.508054875Z,2026-01-30T13:56:28.508054875Z,2026-01-30T13:29:30.155877Z,device_uplink_frame_log,0001000000000002,1769779770156-0,ConfirmedDataUp,LoRaWANR1,"(179, 52, 90, 23)",1,02000000,12,False,True,False,False,0,False,[],5d12d18d30,0,0,0,BF+2qw==,CRC_OK,0001000000000001,0.0,72.0,48.86683,2.35672,UNKNOWN,2026-01-30T13:29:29.949282510Z,0,11154,868100000,125000,CR_4_5,False,False,0,7,-115,1.6
2026-01-30T12:56:28.508054875Z,2026-01-30T13:56:28.508054875Z,2026-01-30T13:29:35.151928Z,device_uplink_frame_log,0001000000000002,1769779775152-0,ConfirmedDataUp,LoRaWANR1,"(10, 129, 130, 171)",1,02000000,13,False,True,False,False,0,False,[],6ea3610d50,0,0,0,BKwB6w==,CRC_OK,0001000000000001,0.0,72.0,48.86683,2.35672,UNKNOWN,2026-01-30T13:29:34.944504598Z,0,8722,867500000,125000,CR_4_5,False,False,0,7,-117,0.1
2026-01-30T12:56:28.508054875Z,2026-01-30T13:56:28.508054875Z,2026-01-30T13:29:40.155712Z,device_uplink_frame_log,0001000000000002,1769779780155-0,ConfirmedDataUp,LoRaWANR1,"(214, 127, 15, 229)",1,02000000,14,False,True,False,False,0,False,[],ab650df4fc,0,0,0,BPhNKw==,CRC_OK,0001000000000001,0.0,72.0,48.86683,2.35672,UNKNOWN,2026-01-30T13:29:39.949652703Z,0,41414,868100000,125000,CR_4_5,False,False,0,7,-115,2.4
2026-01-30T12:56:28.508054875Z,2026-01-30T13:56:28.508054875Z,2026-01-30T13:29:45.152132Z,device_uplink_frame_log,0001000000000002,1769779785152-0,ConfirmedDataUp,LoRaWANR1,"(49, 115, 224, 163)",1,02000000,15,False,True,False,False,0,False,[],a9a8861481,0,0,0,BUSYaw==,CRC_OK,0001000000000001,0.0,72.0,48.86683,2.35672,UNKNOWN,2026-01-30T13:29:44.944778951Z,0,57277,867900000,125000,CR_4_5,False,False,0,7,-120,-2.9
2026-01-30T12:56:28.508054875Z,2026-01-30T13:56:28.508054875Z,2026-01-30T13:29:50.155631Z,device_uplink_frame_log,0001000000000002,1769779790155-0,ConfirmedDataUp,LoRaWANR1,"(222, 154, 157, 123)",1,02000000,16,False,True,False,False,0,False,[],8a3a9f6899,0,0,0,BZDjqw==,CRC_OK,0001000000000001,0.0,72.0,48.86683,2.35672,UNKNOWN,2026-01-30T13:29:49.947672066Z,0,47935,868100000,125000,CR_4_5,False,False,0,7,-115,2.4
2026-01-30T12:56:28.508054875Z,2026-01-30T13:56:28.508054875Z,2026-01-30T13:29:55.159786Z,device_uplink_frame_log,0001000000000002,1769779795160-0,ConfirmedDataUp,LoRaWANR1,"(157, 95, 156, 246)",1,02000000,17,False,True,False,False,0,False,[],806cbdb908,0,0,0,Bd0u6w==,CRC_OK,0001000000000001,0.0,72.0,48.86683,2.35672,UNKNOWN,2026-01-30T13:29:54.952648072Z,0,38755,867900000,125000,CR_4_5,False,False,0,7,-112,5
2026-01-30T12:56:28.508054875Z,2026-01-30T13:56:28.508054875Z,2026-01-30T13:30:00.162534Z,device_uplink_frame_log,0001000000000002,1769779800162-0,ConfirmedDataUp,LoRaWANR1,"(54, 213, 87, 239)",1,02000000,18,False,True,False,False,2,False,"[{'LinkADRAns': {'ch_mask_ack': True, 'dr_ack': True, 'tx_power_ack': True}}]",3fd4b2276a,0,0,0,BimOKw==,CRC_OK,0001000000000001,0.0,72.0,48.86683,2.35672,UNKNOWN,2026-01-30T13:29:59.957736630Z,0,64068,868300000,125000,CR_4_5,False,False,0,7,-108,8.9
2026-01-30T12:56:28.508054875Z,2026-01-30T13:56:28.508054875Z,2026-01-30T13:30:05.159807Z,device_uplink_frame_log,0001000000000002,1769779805160-0,ConfirmedDataUp,LoRaWANR1,"(58, 139, 131, 239)",1,02000000,19,False,True,False,False,2,False,"[{'LinkADRAns': {'ch_mask_ack': True, 'dr_ack': True, 'tx_power_ack': True}}]",be42d0995d,0,0,0,BnXZaw==,CRC_OK,0001000000000001,0.0,72.0,48.86683,2.35672,UNKNOWN,2026-01-30T13:30:04.953023266Z,0,6362,867300000,125000,CR_4_5,False,False,0,7,-125,-7.9
2026-01-30T12:56:28.508054875Z,2026-01-30T13:56:28.508054875Z,2026-01-30T13:30:10.166518Z,device_uplink_frame_log,0001000000000002,1769779810166-0,ConfirmedDataUp,LoRaWANR1,"(23, 247, 228, 19)",1,02000000,20,False,True,False,False,0,False,[],d11310eecb,0,0,0,BsIQqw==,CRC_OK,0001000000000001,0.0,72.0,48.86683,2.35672,UNKNOWN,2026-01-30T13:30:09.947944688Z,0,7502,868300000,125000,CR_4_5,False,False,0,7,-121,-4.3
2026-01-30T12:56:28.508054875Z,2026-01-30T13:56:28.508054875Z,2026-01-30T13:30:15.15908Z,device_uplink_frame_log,0001000000000002,1769779815159-0,ConfirmedDataUp,LoRaWANR1,"(7, 25, 129, 236)",1,02000000,21,False,True,False,False,0,False,[],6134b76d47,0,0,0,Bw5b6w==,CRC_OK,0001000000000001,0.0,72.0,48.86683,2.35672,UNKNOWN,2026-01-30T13:30:14.953068863Z,0,1798,867300000,125000,CR_4_5,False,False,0,7,-119,-2.1
2026-01-30T12:56:28.508054875Z,2026-01-30T13:56:28.508054875Z,2026-01-30T13:30:20.159582Z,device_uplink_frame_log,0001000000000002,1769779820159-0,ConfirmedDataUp,LoRaWANR1,"(35, 234, 235, 134)",1,02000000,22,False,True,False,False,0,False,[],3cda5eae72,0,0,0,B1qnKw==,CRC_OK,0001000000000001,0.0,72.0,48.86683,2.35672,UNKNOWN,2026-01-30T13:30:19.953049803Z,0,27783,868300000,125000,CR_4_5,False,False,0,7,-117,0.3
2026-01-30T12:56:28.508054875Z,2026-01-30T13:56:28.508054875Z,2026-01-30T13:30:25.154787Z,device_uplink_frame_log,0001000000000002,1769779825155-0,ConfirmedDataUp,LoRaWANR1,"(37, 134, 116, 128)",1,02000000,23,False,True,False,False,0,False,[],ad6f3f26de,0,0,0,B6byaw==,CRC_OK,0001000000000001,0.0,72.0,48.86683,2.35672,UNKNOWN,2026-01-30T13:30:24.948284267Z,0,31412,867100000,125000,CR_4_5,False,False,0,7,-120,-2.6
2026-01-30T12:56:28.508054875Z,2026-01-30T13:56:28.508054875Z,2026-01-30T13:30:30.15053Z,device_uplink_frame_log,0001000000000002,1769779830150-0,ConfirmedDataUp,LoRaWANR1,"(156, 66, 36, 169)",1,02000000,24,False,True,False,False,0,False,[],d46e4dbb79,0,0,0,B/M9qw==,CRC_OK,0001000000000001,0.0,72.0,48.86683,2.35672,UNKNOWN,2026-01-30T13:30:29.943494863Z,0,39636,868500000,125000,CR_4_5,False,False,0,7,-118,-1.2
2026-01-30T12:56:28.508054875Z,2026-01-30T13:56:28.508054875Z,2026-01-30T13:30:35.154304Z,device_uplink_frame_log,0001000000000002,1769779835154-0,ConfirmedDataUp,LoRaWANR1,"(28, 255, 83, 193)",1,02000000,25,False,True,False,False,0,False,[],f2ddaeb147,0,0,0,CD+I6w==,CRC_OK,0001000000000001,0.0,72.0,48.86683,2.35672,UNKNOWN,2026-01-30T13:30:34.948643350Z,0,51058,867700000,125000,CR_4_5,False,False,0,7,-118,-1.4
2026-01-30T12:56:28.508054875Z,2026-01-30T13:56:28.508054875Z,2026-01-30T13:30:40.159476Z,device_uplink_frame_log,0001000000000002,1769779840159-0,ConfirmedDataUp,LoRaWANR1,"(62, 7, 233, 89)",1,02000000,26,False,True,False,False,0,False,[],f82d15bc5c,0,0,0,CIvUKw==,CRC_OK,0001000000000001,0.0,72.0,48.86683,2.35672,UNKNOWN,2026-01-30T13:30:39.943695998Z,0,8289,868300000,125000,CR_4_5,False,False,0,7,-119,-2.4
2026-01-30T12:56:28.508054875Z,2026-01-30T13:56:28.508054875Z,2026-01-30T13:30:45.155197Z,device_uplink_frame_log,0001000000000002,1769779845155-0,ConfirmedDataUp,LoRaWANR1,"(84, 15, 48, 34)",1,02000000,27,False,True,False,False,0,False,[],893dd25e1c,0,0,0,CNgfaw==,CRC_OK,0001000000000001,0.0,72.0,48.86683,2.35672,UNKNOWN,2026-01-30T13:30:44.948843473Z,0,26592,867100000,125000,CR_4_5,False,False,0,7,-121,-3.6
2026-01-30T12:56:28.508054875Z,2026-01-30T13:56:28.508054875Z,2026-01-30T13:30:50.155197Z,device_uplink_frame_log,0001000000000002,1769779850155-0,ConfirmedDataUp,LoRaWANR1,"(3, 174, 34, 170)",1,02000000,28,False,True,False,False,0,False,[],ca356e3f48,0,0,0,CSRqqw==,CRC_OK,0001000000000001,0.0,72.0,48.86683,2.35672,UNKNOWN,2026-01-30T13:30:49.948865313Z,0,4500,868500000,125000,CR_4_5,False,False,0,7,-116,0.8
2026-01-30T12:56:28.508054875Z,2026-01-30T13:56:28.508054875Z,2026-01-30T13:30:55.150893Z,device_uplink_frame_log,0001000000000002,1769779855151-0,ConfirmedDataUp,LoRaWANR1,"(133, 53, 165, 211)",1,02000000,29,False,True,False,False,0,False,[],92739069a9,0,0,0,CXC16w==,CRC_OK,0001000000000001,0.0,72.0,48.86683,2.35672,UNKNOWN,2026-01-30T13:30:54.944213750Z,0,11736,867900000,125000,CR_4_5,False,False,0,7,-123,-5.8
2026-01-30T12:56:28.508054875Z,2026-01-30T13:56:28.508054875Z,2026-01-30T13:31:00.155055Z,device_uplink_frame_log,0001000000000002,1769779860155-0,ConfirmedDataUp,LoRaWANR1,"(52, 125, 245, 102)",1,02000000,30,False,True,False,False,0,False,[],34c94c7409,0,0,0,Cb0BKw==,CRC_OK,0001000000000001,0.0,72.0,48.86683,2.35672,UNKNOWN,2026-01-30T13:30:59.949089693Z,0,16789,868500000,125000,CR_4_5,False,False,0,7,-123,-5.7
2026-01-30T12:56:28.508054875Z,2026-01-30T13:56:28.508054875Z,2026-01-30T13:31:05.149222Z,device_uplink_frame_log,0001000000000002,1769779865149-0,ConfirmedDataUp,LoRaWANR1,"(100, 0, 239, 214)",1,02000000,31,False,True,False,False,0,False,[],ec74bf978e,0,0,0,CglMaw==,CRC_OK,0001000000000001,0.0,72.0,48.86683,2.35672,UNKNOWN,2026-01-30T13:31:04.944220201Z,0,41540,867100000,125000,CR_4_5,False,False,0,7,-115,2.1
2026-01-30T12:56:28.508054875Z,2026-01-30T13:56:28.508054875Z,2026-01-30T13:31:10.155447Z,device_uplink_frame_log,0001000000000002,1769779870156-0,ConfirmedDataUp,LoRaWANR1,"(191, 50, 52, 250)",1,02000000,32,False,True,False,False,0,False,[],ff1e2b524e,0,0,0,ClWXqw==,CRC_OK,0001000000000001,0.0,72.0,48.86683,2.35672,UNKNOWN,2026-01-30T13:31:09.949613136Z,0,63768,868100000,125000,CR_4_5,False,False,0,7,-121,-3.6
2026-01-30T12:56:28.508054875Z,2026-01-30T13:56:28.508054875Z,2026-01-30T13:31:15.149904Z,device_uplink_frame_log,0001000000000002,1769779875150-0,ConfirmedDataUp,LoRaWANR1,"(126, 209, 31, 203)",1,02000000,33,False,True,False,False,0,False,[],c0da11b323,0,0,0,CqHi6w==,CRC_OK,0001000000000001,0.0,72.0,48.86683,2.35672,UNKNOWN,2026-01-30T13:31:14.944448673Z,0,20917,867900000,125000,CR_4_5,False,False,0,7,-124,-7.1
2026-01-30T12:56:28.508054875Z,2026-01-30T13:56:28.508054875Z,2026-01-30T13:31:20.151328Z,device_uplink_frame_log,0001000000000002,1769779880151-0,ConfirmedDataUp,LoRaWANR1,"(74, 123, 56, 100)",1,02000000,34,False,True,False,False,0,False,[],19f2987211,0,0,0,Cu4uKw==,CRC_OK,0001000000000001,0.0,72.0,48.86683,2.35672,UNKNOWN,2026-01-30T13:31:19.944401439Z,0,27556,868100000,125000,CR_4_5,False,False,0,7,-118,-1
2026-01-30T12:56:28.508054875Z,2026-01-30T13:56:28.508054875Z,2026-01-30T13:31:30.159944Z,device_uplink_frame_log,0001000000000002,1769779890160-0,ConfirmedDataUp,LoRaWANR1,"(166, 167, 88, 102)",1,02000000,36,False,True,False,False,0,False,[],20c6b7bdbb,0,0,0,C4bEqw==,CRC_OK,0001000000000001,0.0,72.0,48.86683,2.35672,UNKNOWN,2026-01-30T13:31:29.949339287Z,0,62219,868300000,125000,CR_4_5,False,False,0,7,-124,-7.3
2026-01-30T12:56:28.508054875Z,2026-01-30T13:56:28.508054875Z,2026-01-30T13:31:35.152302Z,device_uplink_frame_log,0001000000000002,1769779895152-0,ConfirmedDataUp,LoRaWANR1,"(236, 198, 225, 192)",1,02000000,37,False,True,False,False,0,False,[],8ba3922955,0,0,0,C9MP6w==,CRC_OK,0001000000000001,0.0,72.0,48.86683,2.35672,UNKNOWN,2026-01-30T13:31:34.944632684Z,0,7377,867700000,125000,CR_4_5,False,False,0,7,-125,-7.9
2026-01-30T12:56:28.508054875Z,2026-01-30T13:56:28.508054875Z,2026-01-30T13:31:40.15529Z,device_uplink_frame_log,0001000000000002,1769779900155-0,ConfirmedDataUp,LoRaWANR1,"(40, 237, 172, 0)",1,02000000,38,False,True,False,False,0,False,[],eaa1a85124,0,0,0,DB9bKw==,CRC_OK,0001000000000001,0.0,72.0,48.86683,2.35672,UNKNOWN,2026-01-30T13:31:39.949524050Z,0,29667,868300000,125000,CR_4_5,False,False,0,7,-122,-4.9
2026-01-30T12:56:28.508054875Z,2026-01-30T13:56:28.508054875Z,2026-01-30T13:31:45.150885Z,device_uplink_frame_log,0001000000000002,1769779905151-0,ConfirmedDataUp,LoRaWANR1,"(61, 244, 119, 64)",1,02000000,39,False,True,False,False,0,False,[],40811621ee,0,0,0,DGumaw==,CRC_OK,0001000000000001,0.0,72.0,48.86683,2.35672,UNKNOWN,2026-01-30T13:31:44.945003684Z,0,17784,867300000,125000,CR_4_5,False,False,0,7,-123,-6
2026-01-30T12:56:28.508054875Z,2026-01-30T13:56:28.508054875Z,2026-01-30T13:31:50.160256Z,device_uplink_frame_log,0001000000000002,1769779910160-0,ConfirmedDataUp,LoRaWANR1,"(38, 236, 240, 115)",1,02000000,40,False,True,False,False,0,False,[],e9dfde3bc8,0,0,0,DLfxqw==,CRC_OK,0001000000000001,0.0,72.0,48.86683,2.35672,UNKNOWN,2026-01-30T13:31:49.945326362Z,0,29375,868100000,125000,CR_4_5,False,False,0,7,-120,-2.9
2026-01-30T12:56:28.508054875Z,2026-01-30T13:56:28.508054875Z,2026-01-30T13:31:55.156474Z,device_uplink_frame_log,0001000000000002,1769779915156-0,ConfirmedDataUp,LoRaWANR1,"(249, 228, 116, 62)",1,02000000,41,False,True,False,False,0,False,[],7ec3519ca3,0,0,0,DQQ86w==,CRC_OK,0001000000000001,0.0,72.0,48.86683,2.35672,UNKNOWN,2026-01-30T13:31:54.950416011Z,0,18362,867300000,125000,CR_4_5,False,False,0,7,-124,-6.5
2026-01-30T12:56:28.508054875Z,2026-01-30T13:56:28.508054875Z,2026-01-30T13:32:00.151593Z,device_uplink_frame_log,0001000000000002,1769779920151-0,ConfirmedDataUp,LoRaWANR1,"(254, 106, 141, 173)",1,02000000,42,False,True,False,False,0,False,[],546e9ce513,0,0,0,DVCIKw==,CRC_OK,0001000000000001,0.0,72.0,48.86683,2.35672,UNKNOWN,2026-01-30T13:31:59.945294431Z,0,11330,868500000,125000,CR_4_5,False,False,0,7,-123,-6.4
2026-01-30T12:56:28.508054875Z,2026-01-30T13:56:28.508054875Z,2026-01-30T13:32:05.156369Z,device_uplink_frame_log,0001000000000002,1769779925156-0,ConfirmedDataUp,LoRaWANR1,"(164, 65, 44, 99)",1,02000000,43,False,True,False,False,0,False,[],23aa5d2585,0,0,0,DZzTaw==,CRC_OK,0001000000000001,0.0,72.0,48.86683,2.35672,UNKNOWN,2026-01-30T13:32:04.950430803Z,0,4718,867900000,125000,CR_4_5,False,False,0,7,-120,-3.3
2026-01-30T12:56:28.508054875Z,2026-01-30T13:56:28.508054875Z,2026-01-30T13:32:10.151568Z,device_uplink_frame_log,0001000000000002,1769779930151-0,ConfirmedDataUp,LoRaWANR1,"(164, 183, 15, 181)",1,02000000,44,False,True,False,False,0,False,[],d9668fd145,0,0,0,Dekeqw==,CRC_OK,0001000000000001,0.0,72.0,48.86683,2.35672,UNKNOWN,2026-01-30T13:32:09.945764085Z,0,8750,868300000,125000,CR_4_5,False,False,0,7,-113,3.6
2026-01-30T12:56:28.508054875Z,2026-01-30T13:56:28.508054875Z,2026-01-30T13:32:20.151565Z,device_uplink_frame_log,0001000000000002,1769779940151-0,ConfirmedDataUp,LoRaWANR1,"(104, 209, 78, 122)",1,02000000,46,False,True,False,False,0,False,[],1011b046b4,0,0,0,DoG1Kw==,CRC_OK,0001000000000001,0.0,72.0,48.86683,2.35672,UNKNOWN,2026-01-30T13:32:19.945760303Z,0,54319,868500000,125000,CR_4_5,False,False,0,7,-124,-7
2026-01-30T12:56:28.508054875Z,2026-01-30T13:56:28.508054875Z,2026-01-30T13:32:25.156808Z,device_uplink_frame_log,0001000000000002,1769779945157-0,ConfirmedDataUp,LoRaWANR1,"(71, 114, 43, 207)",1,02000000,47,False,True,False,False,2,False,"[{'LinkADRAns': {'ch_mask_ack': True, 'dr_ack': True, 'tx_power_ack': True}}]",a933450d8f,0,0,0,Ds4Uaw==,CRC_OK,0001000000000001,0.0,72.0,48.86683,2.35672,UNKNOWN,2026-01-30T13:32:24.950724889Z,0,30455,867500000,125000,CR_4_5,False,False,0,7,-119,-2
2026-01-30T12:56:28.508054875Z,2026-01-30T13:56:28.508054875Z,2026-01-30T13:32:30.173268Z,device_uplink_frame_log,0001000000000002,1769779950173-0,ConfirmedDataUp,LoRaWANR1,"(61, 77, 138, 229)",1,02000000,48,False,True,False,False,2,False,"[{'LinkADRAns': {'ch_mask_ack': True, 'dr_ack': True, 'tx_power_ack': True}}]",d404d3925c,0,0,0,Dxpfqw==,CRC_OK,0001000000000001,0.0,72.0,48.86683,2.35672,UNKNOWN,2026-01-30T13:32:29.955924882Z,0,48590,868500000,125000,CR_4_5,False,False,0,7,-117,0.2
2026-01-30T12:56:28.508054875Z,2026-01-30T13:56:28.508054875Z,2026-01-30T13:32:35.156433Z,device_uplink_frame_log,0001000000000002,1769779955156-0,ConfirmedDataUp,LoRaWANR1,"(83, 206, 232, 42)",1,02000000,49,False,True,False,False,0,False,[],942c4a25ec,0,0,0,D2aW6w==,CRC_OK,0001000000000001,0.0,72.0,48.86683,2.35672,UNKNOWN,2026-01-30T13:32:34.950972785Z,0,35616,867500000,125000,CR_4_5,False,False,0,7,-118,-1.2
2026-01-30T12:56:28.508054875Z,2026-01-30T13:56:28.508054875Z,2026-01-30T13:32:40.151693Z,device_uplink_frame_log,0001000000000002,1769779960151-0,ConfirmedDataUp,LoRaWANR1,"(40, 14, 134, 254)",1,02000000,50,False,True,False,False,0,False,[],1ff8b721ad,0,0,0,D7LiKw==,CRC_OK,0001000000000001,0.0,72.0,48.86683,2.35672,UNKNOWN,2026-01-30T13:32:39.945902562Z,0,885,868100000,125000,CR_4_5,False,False,0,7,-121,-3.6
2026-01-30T12:56:28.508054875Z,2026-01-30T13:56:28.508054875Z,2026-01-30T13:32:45.156987Z,device_uplink_frame_log,0001000000000002,1769779965157-0,ConfirmedDataUp,LoRaWANR1,"(235, 176, 115, 4)",1,02000000,51,False,True,False,False,0,False,[],0243181da6,0,0,0,D/8taw==,CRC_OK,0001000000000001,0.0,72.0,48.86683,2.35672,UNKNOWN,2026-01-30T13:32:44.950994297Z,0,51449,867100000,125000,CR_4_5,False,False,0,7,-120,-3.4
2026-01-30T12:56:28.508054875Z,2026-01-30T13:56:28.508054875Z,2026-01-30T13:32:50.158862Z,device_uplink_frame_log,0001000000000002,1769779970159-0,ConfirmedDataUp,LoRaWANR1,"(144, 28, 139, 134)",1,02000000,52,False,True,False,False,0,False,[],1e36cda50b,0,0,0,EEt4qw==,CRC_OK,0001000000000001,0.0,72.0,48.86683,2.35672,UNKNOWN,2026-01-30T13:32:49.950935813Z,0,39660,868300000,125000,CR_4_5,False,False,0,7,-125,-7.7
2026-01-30T12:56:28.508054875Z,2026-01-30T13:56:28.508054875Z,2026-01-30T13:32:55.153354Z,device_uplink_frame_log,0001000000000002,1769779975153-0,ConfirmedDataUp,LoRaWANR1,"(33, 90, 11, 101)",1,02000000,53,False,True,False,False,0,False,[],ee8f04338f,0,0,0,EJfD6w==,CRC_OK,0001000000000001,0.0,72.0,48.86683,2.35672,UNKNOWN,2026-01-30T13:32:54.945952158Z,0,6907,867300000,125000,CR_4_5,False,False,0,7,-113,3.7
2026-01-30T12:56:28.508054875Z,2026-01-30T13:56:28.508054875Z,2026-01-30T13:33:05.157303Z,device_uplink_frame_log,0001000000000002,1769779985157-0,ConfirmedDataUp,LoRaWANR1,"(204, 90, 44, 200)",1,02000000,55,False,True,False,False,0,False,[],14ebda7f72,0,0,0,ETBaaw==,CRC_OK,0001000000000001,0.0,72.0,48.86683,2.35672,UNKNOWN,2026-01-30T13:33:04.951069008Z,0,39357,867300000,125000,CR_4_5,False,False,0,7,-122,-5.4
2026-01-30T12:56:28.508054875Z,2026-01-30T13:56:28.508054875Z,2026-01-30T13:33:10.15231Z,device_uplink_frame_log,0001000000000002,1769779990152-0,ConfirmedDataUp,LoRaWANR1,"(128, 65, 27, 120)",1,02000000,56,False,True,False,False,0,False,[],490cfa2ba0,0,0,0,EXylqw==,CRC_OK,0001000000000001,0.0,72.0,48.86683,2.35672,UNKNOWN,2026-01-30T13:33:09.945979601Z,0,10603,868100000,125000,CR_4_5,False,False,0,7,-115,2.1
2026-01-30T12:56:28.508054875Z,2026-01-30T13:56:28.508054875Z,2026-01-30T13:33:15.158432Z,device_uplink_frame_log,0001000000000002,1769779995158-0,ConfirmedDataUp,LoRaWANR1,"(196, 36, 128, 149)",1,02000000,57,False,True,False,False,0,False,[],aad0f47bfe,0,0,0,Ecjw6w==,CRC_OK,0001000000000001,0.0,72.0,48.86683,2.35672,UNKNOWN,2026-01-30T13:33:14.951539971Z,0,31241,867700000,125000,CR_4_5,False,False,0,7,-119,-2.2
2026-01-30T12:56:28.508054875Z,2026-01-30T13:56:28.508054875Z,2026-01-30T13:33:20.157802Z,device_uplink_frame_log,0001000000000002,1769780000158-0,ConfirmedDataUp,LoRaWANR1,"(125, 98, 91, 164)",1,02000000,58,False,True,False,False,0,False,[],81ed814a0f,0,0,0,EhU8Kw==,CRC_OK,0001000000000001,0.0,72.0,48.86683,2.35672,UNKNOWN,2026-01-30T13:33:19.951598670Z,0,947,868300000,125000,CR_4_5,False,False,0,7,-121,-4.1
2026-01-30T12:56:28.508054875Z,2026-01-30T13:56:28.508054875Z,2026-01-30T13:33:25.152364Z,device_uplink_frame_log,0001000000000002,1769780005152-0,ConfirmedDataUp,LoRaWANR1,"(23, 47, 239, 224)",1,02000000,59,False,True,False,False,0,False,[],4279de0315,0,0,0,EmGHaw==,CRC_OK,0001000000000001,0.0,72.0,48.86683,2.35672,UNKNOWN,2026-01-30T13:33:24.946609397Z,0,44177,867700000,125000,CR_4_5,False,False,0,7,-117,0.2
2026-01-30T12:56:28.508054875Z,2026-01-30T13:56:28.508054875Z,2026-01-30T13:33:30.157798Z,device_uplink_frame_log,0001000000000002,1769780010158-0,ConfirmedDataUp,LoRaWANR1,"(176, 94, 45, 58)",1,02000000,60,False,True,False,False,0,False,[],ac0f42eea5,0,0,0,Eq3Sqw==,CRC_OK,0001000000000001,0.0,72.0,48.86683,2.35672,UNKNOWN,2026-01-30T13:33:29.952169228Z,0,29693,868300000,125000,CR_4_5,False,False,0,7,-123,-6
2026-01-30T12:56:28.508054875Z,2026-01-30T13:56:28.508054875Z,2026-01-30T13:33:35.153282Z,device_uplink_frame_log,0001000000000002,1769780015153-0,ConfirmedDataUp,LoRaWANR1,"(133, 31, 4, 201)",1,02000000,61,False,True,False,False,0,False,[],88a6722103,0,0,0,Evod6w==,CRC_OK,0001000000000001,0.0,72.0,48.86683,2.35672,UNKNOWN,2026-01-30T13:33:34.947162937Z,0,21622,867900000,125000,CR_4_5,False,False,0,7,-116,1.3
2026-01-30T12:56:28.508054875Z,2026-01-30T13:56:28.508054875Z,2026-01-30T13:33:40.157402Z,device_uplink_frame_log,0001000000000002,1769780020157-0,ConfirmedDataUp,LoRaWANR1,"(111, 245, 16, 246)",1,02000000,62,False,True,False,False,0,False,[],2edf9606ca,0,0,0,E0ZpKw==,CRC_OK,0001000000000001,0.0,72.0,48.86683,2.35672,UNKNOWN,2026-01-30T13:33:39.952146821Z,0,7381,868100000,125000,CR_4_5,False,False,0,7,-120,-3.2
2026-01-30T12:56:28.508054875Z,2026-01-30T13:56:28.508054875Z,2026-01-30T13:33:45.151837Z,device_uplink_frame_log,0001000000000002,1769780025152-0,ConfirmedDataUp,LoRaWANR1,"(245, 159, 141, 6)",1,02000000,63,False,True,False,False,0,False,[],421328502f,0,0,0,E5K0aw==,CRC_OK,0001000000000001,0.0,72.0,48.86683,2.35672,UNKNOWN,2026-01-30T13:33:44.947117101Z,0,56671,867300000,125000,CR_4_5,False,False,0,7,-115,1.6
2026-01-30T12:56:28.508054875Z,2026-01-30T13:56:28.508054875Z,2026-01-30T13:34:46.634929Z,device_uplink_frame_log,0001000000000002,1769780086635-0,ConfirmedDataUp,LoRaWANR1,"(194, 123, 75, 232)",1,02000000,0,False,True,False,False,0,False,[],98be27e689,0,0,0,ADWkKw==,CRC_OK,0001000000000001,0.0,72.0,48.86683,2.35672,UNKNOWN,2026-01-30T13:34:46.429155214Z,0,9063,868100000,125000,CR_4_5,False,False,0,9,-118,-1.3
2026-01-30T12:56:28.508054875Z,2026-01-30T13:56:28.508054875Z,2026-01-30T13:34:51.659727Z,device_uplink_frame_log,0001000000000002,1769780091659-0,ConfirmedDataUp,LoRaWANR1,"(30, 112, 246, 166)",1,02000000,1,False,True,False,False,6,False,"[{'NewChannelAns': {'channel_freq_ok': True, 'dr_range_ok': True}}, {'NewChannelAns': {'channel_freq_ok': True, 'dr_range_ok': True}}, {'NewChannelAns': {'channel_freq_ok': True, 'dr_range_ok': True}}]",9623e8d550,0,0,0,AII/aw==,CRC_OK,0001000000000001,0.0,72.0,48.86683,2.35672,UNKNOWN,2026-01-30T13:34:51.454448380Z,0,33428,867300000,125000,CR_4_5,False,False,0,9,-113,4
2026-01-30T12:56:28.508054875Z,2026-01-30T13:56:28.508054875Z,2026-01-30T13:35:05.187944Z,device_uplink_frame_log,0001000000000002,1769780105188-0,ConfirmedDataUp,LoRaWANR1,"(168, 13, 123, 45)",1,02000000,2,False,True,False,False,4,False,"[{'NewChannelAns': {'channel_freq_ok': True, 'dr_range_ok': True}}, {'NewChannelAns': {'channel_freq_ok': True, 'dr_range_ok': True}}]",e8b715a52a,0,0,0,AVDEKw==,CRC_OK,0001000000000001,0.0,72.0,48.86683,2.35672,UNKNOWN,2026-01-30T13:35:04.979604155Z,0,65363,868300000,125000,CR_4_5,False,False,0,9,-111,5.6
2026-01-30T12:56:28.508054875Z,2026-01-30T13:56:28.508054875Z,2026-01-30T13:35:12.091719Z,device_uplink_frame_log,0001000000000002,1769780112091-0,ConfirmedDataUp,LoRaWANR1,"(239, 13, 22, 44)",1,02000000,3,False,True,False,False,2,False,"[{'LinkADRAns': {'ch_mask_ack': True, 'dr_ack': True, 'tx_power_ack': True}}]",6f65b7b635,0,0,0,AboIaw==,CRC_OK,0001000000000001,0.0,72.0,48.86683,2.35672,UNKNOWN,2026-01-30T13:35:11.884813906Z,0,38175,867300000,125000,CR_4_5,False,False,0,7,-108,9.2
2026-01-30T12:56:28.508054875Z,2026-01-30T13:56:28.508054875Z,2026-01-30T13:35:23.400702Z,device_uplink_frame_log,0001000000000002,1769780123401-0,ConfirmedDataUp,LoRaWANR1,"(206, 248, 176, 163)",1,02000000,5,False,True,False,False,0,False,[],36db4b87f2,0,0,0,Amacaw==,CRC_OK,0001000000000001,0.0,72.0,48.86683,2.35672,UNKNOWN,2026-01-30T13:35:23.195221497Z,0,21014,867300000,125000,CR_4_5,False,False,0,7,-119,-1.7
2026-01-30T12:56:28.508054875Z,2026-01-30T13:56:28.508054875Z,2026-01-30T13:35:26.506342Z,device_uplink_frame_log,0001000000000002,1769780126506-0,ConfirmedDataUp,LoRaWANR1,"(192, 213, 107, 173)",1,02000000,6,False,True,False,False,2,False,"[{'LinkADRAns': {'ch_mask_ack': True, 'dr_ack': True, 'tx_power_ack': True}}]",d7d356c565,0,0,0,ApYHKw==,CRC_OK,0001000000000001,0.0,72.0,48.86683,2.35672,UNKNOWN,2026-01-30T13:35:26.300380587Z,0,47787,868100000,125000,CR_4_5,False,False,0,7,-118,-0.8
2026-01-30T12:56:28.508054875Z,2026-01-30T13:56:28.508054875Z,2026-01-30T13:35:31.501962Z,device_uplink_frame_log,0001000000000002,1769780131502-0,ConfirmedDataUp,LoRaWANR1,"(76, 8, 238, 31)",1,02000000,7,False,True,False,False,0,False,[],f5cd26fa82,0,0,0,AuI+aw==,CRC_OK,0001000000000001,0.0,72.0,48.86683,2.35672,UNKNOWN,2026-01-30T13:35:31.295515465Z,0,25266,867500000,125000,CR_4_5,False,False,0,7,-123,-5.9
2026-01-30T12:56:28.508054875Z,2026-01-30T13:56:28.508054875Z,2026-01-30T13:35:36.497052Z,device_uplink_frame_log,0001000000000002,1769780136497-0,ConfirmedDataUp,LoRaWANR1,"(198, 22, 14, 246)",1,02000000,8,False,True,False,False,0,False,[],f7827407b8,0,0,0,Ay6Jqw==,CRC_OK,0001000000000001,0.0,72.0,48.86683,2.35672,UNKNOWN,2026-01-30T13:35:36.290757455Z,0,53780,868100000,125000,CR_4_5,False,False,0,7,-123,-6
2026-01-30T12:56:28.508054875Z,2026-01-30T13:56:28.508054875Z,2026-01-30T13:35:41.5043Z,device_uplink_frame_log,0001000000000002,1769780141504-0,ConfirmedDataUp,LoRaWANR1,"(135, 74, 65, 104)",1,02000000,9,False,True,False,False,0,False,[],e228648633,0,0,0,A3rU6w==,CRC_OK,0001000000000001,0.0,72.0,48.86683,2.35672,UNKNOWN,2026-01-30T13:35:41.296293963Z,0,11124,867900000,125000,CR_4_5,False,False,0,7,-123,-5.9
2026-01-30T12:56:28.508054875Z,2026-01-30T13:56:28.508054875Z,2026-01-30T13:35:46.502134Z,device_uplink_frame_log,0001000000000002,1769780146502-0,ConfirmedDataUp,LoRaWANR1,"(53, 214, 131, 60)",1,02000000,10,False,True,False,False,0,False,[],6723d11699,0,0,0,A8cgKw==,CRC_OK,0001000000000001,0.0,72.0,48.86683,2.35672,UNKNOWN,2026-01-30T13:35:46.296524495Z,0,54300,868100000,125000,CR_4_5,False,False,0,7,-117,-0.2
2026-01-30T12:56:28.508054875Z,2026-01-30T13:56:28.508054875Z,2026-01-30T13:35:51.497998Z,device_uplink_frame_log,0001000000000002,1769780151498-0,ConfirmedDataUp,LoRaWANR1,"(91, 162, 1, 248)",1,02000000,11,False,True,False,False,0,False,[],2430b432de,0,0,0,BBNraw==,CRC_OK,0001000000000001,0.0,72.0,48.86683,2.35672,UNKNOWN,2026-01-30T13:35:51.291710065Z,0,54055,867500000,125000,CR_4_5,False,False,0,7,-115,1.9
2026-01-30T12:56:28.508054875Z,2026-01-30T13:56:28.508054875Z,2026-01-30T13:35:56.503721Z,device_uplink_frame_log,0001000000000002,1769780156504-0,ConfirmedDataUp,LoRaWANR1,"(179, 52, 90, 23)",1,02000000,12,False,True,False,False,0,False,[],5d12d18d30,0,0,0,BF+2qw==,CRC_OK,0001000000000001,0.0,72.0,48.86683,2.35672,UNKNOWN,2026-01-30T13:35:56.296788294Z,0,11154,868100000,125000,CR_4_5,False,False,0,7,-115,1.6
2026-01-30T12:56:28.508054875Z,2026-01-30T13:56:28.508054875Z,2026-01-30T13:36:01.497583Z,device_uplink_frame_log,0001000000000002,1769780161497-0,ConfirmedDataUp,LoRaWANR1,"(10, 129, 130, 171)",1,02000000,13,False,True,False,False,0,False,[],6ea3610d50,0,0,0,BKwB6w==,CRC_OK,0001000000000001,0.0,72.0,48.86683,2.35672,UNKNOWN,2026-01-30T13:36:01.291876143Z,0,8722,867500000,125000,CR_4_5,False,False,0,7,-117,0.1
2026-01-30T12:56:28.508054875Z,2026-01-30T13:56:28.508054875Z,2026-01-30T13:36:06.50373Z,device_uplink_frame_log,0001000000000002,1769780166504-0,ConfirmedDataUp,LoRaWANR1,"(214, 127, 15, 229)",1,02000000,14,False,True,False,False,0,False,[],ab650df4fc,0,0,0,BPhNKw==,CRC_OK,0001000000000001,0.0,72.0,48.86683,2.35672,UNKNOWN,2026-01-30T13:36:06.296800350Z,0,41414,868100000,125000,CR_4_5,False,False,0,7,-115,2.4
2026-01-30T12:56:28.508054875Z,2026-01-30T13:56:28.508054875Z,2026-01-30T13:36:11.498091Z,device_uplink_frame_log,0001000000000002,1769780171498-0,ConfirmedDataUp,LoRaWANR1,"(49, 115, 224, 163)",1,02000000,15,False,True,False,False,0,False,[],a9a8861481,0,0,0,BUSYaw==,CRC_OK,0001000000000001,0.0,72.0,48.86683,2.35672,UNKNOWN,2026-01-30T13:36:11.291815824Z,0,57277,867900000,125000,CR_4_5,False,False,0,7,-120,-2.9
2026-01-30T12:56:28.508054875Z,2026-01-30T13:56:28.508054875Z,2026-01-30T13:36:16.497588Z,device_uplink_frame_log,0001000000000002,1769780176497-0,ConfirmedDataUp,LoRaWANR1,"(222, 154, 157, 123)",1,02000000,16,False,True,False,False,0,False,[],8a3a9f6899,0,0,0,BZDjqw==,CRC_OK,0001000000000001,0.0,72.0,48.86683,2.35672,UNKNOWN,2026-01-30T13:36:16.291612910Z,0,47935,868100000,125000,CR_4_5,False,False,0,7,-115,2.4
2026-01-30T12:56:28.508054875Z,2026-01-30T13:56:28.508054875Z,2026-01-30T13:36:21.503102Z,device_uplink_frame_log,0001000000000002,1769780181503-0,ConfirmedDataUp,LoRaWANR1,"(157, 95, 156, 246)",1,02000000,17,False,True,False,False,0,False,[],806cbdb908,0,0,0,Bd0u6w==,CRC_OK,0001000000000001,0.0,72.0,48.86683,2.35672,UNKNOWN,2026-01-30T13:36:21.296740358Z,0,38755,867900000,125000,CR_4_5,False,False,0,7,-112,5
2026-01-30T12:56:28.508054875Z,2026-01-30T13:56:28.508054875Z,2026-01-30T13:36:26.497608Z,device_uplink_frame_log,0001000000000002,1769780186497-0,ConfirmedDataUp,LoRaWANR1,"(66, 186, 33, 157)",1,02000000,18,False,True,False,False,0,False,[],3fd4b2276a,0,0,0,Bil6Kw==,CRC_OK,0001000000000001,0.0,72.0,48.86683,2.35672,UNKNOWN,2026-01-30T13:36:26.291722794Z,0,64068,868100000,125000,CR_4_5,False,False,0,7,-108,8.9
2026-01-30T12:56:28.508054875Z,2026-01-30T13:56:28.508054875Z,2026-01-30T13:36:31.503565Z,device_uplink_frame_log,0001000000000002,1769780191505-0,ConfirmedDataUp,LoRaWANR1,"(58, 139, 131, 239)",1,02000000,19,False,True,False,False,2,False,"[{'LinkADRAns': {'ch_mask_ack': True, 'dr_ack': True, 'tx_power_ack': True}}]",be42d0995d,0,0,0,BnXZaw==,CRC_OK,0001000000000001,0.0,72.0,48.86683,2.35672,UNKNOWN,2026-01-30T13:36:31.296622172Z,0,6362,867900000,125000,CR_4_5,False,False,0,7,-125,-7.9
2026-01-30T12:56:28.508054875Z,2026-01-30T13:56:28.508054875Z,2026-01-30T13:36:36.498324Z,device_uplink_frame_log,0001000000000002,1769780196498-0,ConfirmedDataUp,LoRaWANR1,"(23, 247, 228, 19)",1,02000000,20,False,True,False,False,0,False,[],d11310eecb,0,0,0,BsIQqw==,CRC_OK,0001000000000001,0.0,72.0,48.86683,2.35672,UNKNOWN,2026-01-30T13:36:36.292072773Z,0,7502,868100000,125000,CR_4_5,False,False,0,7,-121,-4.3
2026-01-30T12:56:28.508054875Z,2026-01-30T13:56:28.508054875Z,2026-01-30T13:36:41.503619Z,device_uplink_frame_log,0001000000000002,1769780201503-0,ConfirmedDataUp,LoRaWANR1,"(7, 25, 129, 236)",1,02000000,21,False,True,False,False,0,False,[],6134b76d47,0,0,0,Bw5b6w==,CRC_OK,0001000000000001,0.0,72.0,48.86683,2.35672,UNKNOWN,2026-01-30T13:36:41.297121892Z,0,1798,867500000,125000,CR_4_5,False,False,0,7,-119,-2.1
2026-01-30T12:56:28.508054875Z,2026-01-30T13:56:28.508054875Z,2026-01-30T13:36:46.504288Z,device_uplink_frame_log,0001000000000002,1769780206504-0,ConfirmedDataUp,LoRaWANR1,"(35, 234, 235, 134)",1,02000000,22,False,True,False,False,0,False,[],3cda5eae72,0,0,0,B1qnKw==,CRC_OK,0001000000000001,0.0,72.0,48.86683,2.35672,UNKNOWN,2026-01-30T13:36:46.297308404Z,0,27783,868100000,125000,CR_4_5,False,False,0,7,-117,0.3
2026-01-30T12:56:28.508054875Z,2026-01-30T13:56:28.508054875Z,2026-01-30T13:36:51.498759Z,device_uplink_frame_log,0001000000000002,1769780211499-0,ConfirmedDataUp,LoRaWANR1,"(37, 134, 116, 128)",1,02000000,23,False,True,False,False,0,False,[],ad6f3f26de,0,0,0,B6byaw==,CRC_OK,0001000000000001,0.0,72.0,48.86683,2.35672,UNKNOWN,2026-01-30T13:36:51.292398313Z,0,31412,867900000,125000,CR_4_5,False,False,0,7,-120,-2.6
2026-01-30T12:56:28.508054875Z,2026-01-30T13:56:28.508054875Z,2026-01-30T13:36:56.504201Z,device_uplink_frame_log,0001000000000002,1769780216504-0,ConfirmedDataUp,LoRaWANR1,"(156, 66, 36, 169)",1,02000000,24,False,True,False,False,0,False,[],d46e4dbb79,0,0,0,B/M9qw==,CRC_OK,0001000000000001,0.0,72.0,48.86683,2.35672,UNKNOWN,2026-01-30T13:36:56.297421608Z,0,39636,868100000,125000,CR_4_5,False,False,0,7,-118,-1.2
2026-01-30T12:56:28.508054875Z,2026-01-30T13:56:28.508054875Z,2026-01-30T13:37:01.499935Z,device_uplink_frame_log,0001000000000002,1769780221500-0,ConfirmedDataUp,LoRaWANR1,"(28, 255, 83, 193)",1,02000000,25,False,True,False,False,0,False,[],f2ddaeb147,0,0,0,CD+I6w==,CRC_OK,0001000000000001,0.0,72.0,48.86683,2.35672,UNKNOWN,2026-01-30T13:37:01.292518999Z,0,51058,867900000,125000,CR_4_5,False,False,0,7,-118,-1.4
2026-01-30T12:56:28.508054875Z,2026-01-30T13:56:28.508054875Z,2026-01-30T13:37:06.504957Z,device_uplink_frame_log,0001000000000002,1769780226505-0,ConfirmedDataUp,LoRaWANR1,"(62, 7, 233, 89)",1,02000000,26,False,True,False,False,0,False,[],f82d15bc5c,0,0,0,CIvUKw==,CRC_OK,0001000000000001,0.0,72.0,48.86683,2.35672,UNKNOWN,2026-01-30T13:37:06.297524253Z,0,8289,868100000,125000,CR_4_5,False,False,0,7,-119,-2.4
2026-01-30T12:56:28.508054875Z,2026-01-30T13:56:28.508054875Z,2026-01-30T13:37:11.498834Z,device_uplink_frame_log,0001000000000002,1769780231499-0,ConfirmedDataUp,LoRaWANR1,"(84, 15, 48, 34)",1,02000000,27,False,True,False,False,0,False,[],893dd25e1c,0,0,0,CNgfaw==,CRC_OK,0001000000000001,0.0,72.0,48.86683,2.35672,UNKNOWN,2026-01-30T13:37:11.292629062Z,0,26592,867500000,125000,CR_4_5,False,False,0,7,-121,-3.6
2026-01-30T12:56:28.508054875Z,2026-01-30T13:56:28.508054875Z,2026-01-30T13:37:16.499125Z,device_uplink_frame_log,0001000000000002,1769780236499-0,ConfirmedDataUp,LoRaWANR1,"(3, 174, 34, 170)",1,02000000,28,False,True,False,False,0,False,[],ca356e3f48,0,0,0,CSRqqw==,CRC_OK,0001000000000001,0.0,72.0,48.86683,2.35672,UNKNOWN,2026-01-30T13:37:16.292970103Z,0,4500,868100000,125000,CR_4_5,False,False,0,7,-116,0.8
2026-01-30T12:56:28.508054875Z,2026-01-30T13:56:28.508054875Z,2026-01-30T13:37:21.504461Z,device_uplink_frame_log,0001000000000002,1769780241504-0,ConfirmedDataUp,LoRaWANR1,"(133, 53, 165, 211)",1,02000000,29,False,True,False,False,0,False,[],92739069a9,0,0,0,CXC16w==,CRC_OK,0001000000000001,0.0,72.0,48.86683,2.35672,UNKNOWN,2026-01-30T13:37:21.297972344Z,0,11736,867900000,125000,CR_4_5,False,False,0,7,-123,-5.8
2026-01-30T12:56:28.508054875Z,2026-01-30T13:56:28.508054875Z,2026-01-30T13:37:26.499685Z,device_uplink_frame_log,0001000000000002,1769780246499-0,ConfirmedDataUp,LoRaWANR1,"(52, 125, 245, 102)",1,02000000,30,False,True,False,False,0,False,[],34c94c7409,0,0,0,Cb0BKw==,CRC_OK,0001000000000001,0.0,72.0,48.86683,2.35672,UNKNOWN,2026-01-30T13:37:26.293270261Z,0,16789,868100000,125000,CR_4_5,False,False,0,7,-123,-5.7
2026-01-30T12:56:28.508054875Z,2026-01-30T13:56:28.508054875Z,2026-01-30T13:37:31.504185Z,device_uplink_frame_log,0001000000000002,1769780251504-0,ConfirmedDataUp,LoRaWANR1,"(100, 0, 239, 214)",1,02000000,31,False,True,False,False,0,False,[],ec74bf978e,0,0,0,CglMaw==,CRC_OK,0001000000000001,0.0,72.0,48.86683,2.35672,UNKNOWN,2026-01-30T13:37:31.298057574Z,0,41540,867900000,125000,CR_4_5,False,False,0,7,-115,2.1
2026-01-30T12:56:28.508054875Z,2026-01-30T13:56:28.508054875Z,2026-01-30T13:37:36.502769Z,device_uplink_frame_log,0001000000000002,1769780256503-0,ConfirmedDataUp,LoRaWANR1,"(191, 50, 52, 250)",1,02000000,32,False,True,False,False,0,False,[],ff1e2b524e,0,0,0,ClWXqw==,CRC_OK,0001000000000001,0.0,72.0,48.86683,2.35672,UNKNOWN,2026-01-30T13:37:36.293216472Z,0,63768,868100000,125000,CR_4_5,False,False,0,7,-121,-3.6
2026-01-30T12:56:28.508054875Z,2026-01-30T13:56:28.508054875Z,2026-01-30T13:37:41.504218Z,device_uplink_frame_log,0001000000000002,1769780261504-0,ConfirmedDataUp,LoRaWANR1,"(126, 209, 31, 203)",1,02000000,33,False,True,False,False,0,False,[],c0da11b323,0,0,0,CqHi6w==,CRC_OK,0001000000000001,0.0,72.0,48.86683,2.35672,UNKNOWN,2026-01-30T13:37:41.298357189Z,0,20917,867500000,125000,CR_4_5,False,False,0,7,-124,-7.1
2026-01-30T12:56:28.508054875Z,2026-01-30T13:56:28.508054875Z,2026-01-30T13:37:46.503062Z,device_uplink_frame_log,0001000000000002,1769780266503-0,ConfirmedDataUp,LoRaWANR1,"(74, 123, 56, 100)",1,02000000,34,False,True,False,False,0,False,[],19f2987211,0,0,0,Cu4uKw==,CRC_OK,0001000000000001,0.0,72.0,48.86683,2.35672,UNKNOWN,2026-01-30T13:37:46.298340754Z,0,27556,868100000,125000,CR_4_5,False,False,0,7,-118,-1
2026-01-30T12:56:28.508054875Z,2026-01-30T13:56:28.508054875Z,2026-01-30T13:37:56.498734Z,device_uplink_frame_log,0001000000000002,1769780276498-0,ConfirmedDataUp,LoRaWANR1,"(166, 167, 88, 102)",1,02000000,36,False,True,False,False,0,False,[],20c6b7bdbb,0,0,0,C4bEqw==,CRC_OK,0001000000000001,0.0,72.0,48.86683,2.35672,UNKNOWN,2026-01-30T13:37:56.293391116Z,0,62219,868100000,125000,CR_4_5,False,False,0,7,-124,-7.3
2026-01-30T12:56:28.508054875Z,2026-01-30T13:56:28.508054875Z,2026-01-30T13:38:01.504554Z,device_uplink_frame_log,0001000000000002,1769780281504-0,ConfirmedDataUp,LoRaWANR1,"(236, 198, 225, 192)",1,02000000,37,False,True,False,False,0,False,[],8ba3922955,0,0,0,C9MP6w==,CRC_OK,0001000000000001,0.0,72.0,48.86683,2.35672,UNKNOWN,2026-01-30T13:38:01.298538637Z,0,7377,867900000,125000,CR_4_5,False,False,0,7,-125,-7.9
2026-01-30T12:56:28.508054875Z,2026-01-30T13:56:28.508054875Z,2026-01-30T13:38:06.502439Z,device_uplink_frame_log,0001000000000002,1769780286503-0,ConfirmedDataUp,LoRaWANR1,"(40, 237, 172, 0)",1,02000000,38,False,True,False,False,0,False,[],eaa1a85124,0,0,0,DB9bKw==,CRC_OK,0001000000000001,0.0,72.0,48.86683,2.35672,UNKNOWN,2026-01-30T13:38:06.293696974Z,0,29667,868100000,125000,CR_4_5,False,False,0,7,-122,-4.9
2026-01-30T12:56:28.508054875Z,2026-01-30T13:56:28.508054875Z,2026-01-30T13:38:11.504921Z,device_uplink_frame_log,0001000000000002,1769780291505-0,ConfirmedDataUp,LoRaWANR1,"(61, 244, 119, 64)",1,02000000,39,False,True,False,False,0,False,[],40811621ee,0,0,0,DGumaw==,CRC_OK,0001000000000001,0.0,72.0,48.86683,2.35672,UNKNOWN,2026-01-30T13:38:11.299120947Z,0,17784,867900000,125000,CR_4_5,False,False,0,7,-123,-6
2026-01-30T12:56:28.508054875Z,2026-01-30T13:56:28.508054875Z,2026-01-30T13:38:16.505073Z,device_uplink_frame_log,0001000000000002,1769780296505-0,ConfirmedDataUp,LoRaWANR1,"(38, 236, 240, 115)",1,02000000,40,False,True,False,False,0,False,[],e9dfde3bc8,0,0,0,DLfxqw==,CRC_OK,0001000000000001,0.0,72.0,48.86683,2.35672,UNKNOWN,2026-01-30T13:38:16.298923813Z,0,29375,868100000,125000,CR_4_5,False,False,0,7,-120,-2.9
2026-01-30T12:56:28.508054875Z,2026-01-30T13:56:28.508054875Z,2026-01-30T13:38:21.500114Z,device_uplink_frame_log,0001000000000002,1769780301500-0,ConfirmedDataUp,LoRaWANR1,"(249, 228, 116, 62)",1,02000000,41,False,True,False,False,0,False,[],7ec3519ca3,0,0,0,DQQ86w==,CRC_OK,0001000000000001,0.0,72.0,48.86683,2.35672,UNKNOWN,2026-01-30T13:38:21.294055405Z,0,18362,867500000,125000,CR_4_5,False,False,0,7,-124,-6.5
2026-01-30T12:56:28.508054875Z,2026-01-30T13:56:28.508054875Z,2026-01-30T13:38:26.503941Z,device_uplink_frame_log,0001000000000002,1769780306504-0,ConfirmedDataUp,LoRaWANR1,"(254, 106, 141, 173)",1,02000000,42,False,True,False,False,0,False,[],546e9ce513,0,0,0,DVCIKw==,CRC_OK,0001000000000001,0.0,72.0,48.86683,2.35672,UNKNOWN,2026-01-30T13:38:26.299287327Z,0,11330,868100000,125000,CR_4_5,False,False,0,7,-123,-6.4
2026-01-30T12:56:28.508054875Z,2026-01-30T13:56:28.508054875Z,2026-01-30T13:38:31.499385Z,device_uplink_frame_log,0001000000000002,1769780311499-0,ConfirmedDataUp,LoRaWANR1,"(164, 65, 44, 99)",1,02000000,43,False,True,False,False,0,False,[],23aa5d2585,0,0,0,DZzTaw==,CRC_OK,0001000000000001,0.0,72.0,48.86683,2.35672,UNKNOWN,2026-01-30T13:38:31.294192234Z,0,4718,867900000,125000,CR_4_5,False,False,0,7,-120,-3.3
2026-01-30T12:56:28.508054875Z,2026-01-30T13:56:28.508054875Z,2026-01-30T13:38:36.504207Z,device_uplink_frame_log,0001000000000002,1769780316504-0,ConfirmedDataUp,LoRaWANR1,"(164, 183, 15, 181)",1,02000000,44,False,True,False,False,0,False,[],d9668fd145,0,0,0,Dekeqw==,CRC_OK,0001000000000001,0.0,72.0,48.86683,2.35672,UNKNOWN,2026-01-30T13:38:36.299083538Z,0,8750,868100000,125000,CR_4_5,False,False,0,7,-113,3.6
2026-01-30T12:56:28.508054875Z,2026-01-30T13:56:28.508054875Z,2026-01-30T13:38:46.503705Z,device_uplink_frame_log,0001000000000002,1769780326503-0,ConfirmedDataUp,LoRaWANR1,"(104, 209, 78, 122)",1,02000000,46,False,True,False,False,0,False,[],1011b046b4,0,0,0,DoG1Kw==,CRC_OK,0001000000000001,0.0,72.0,48.86683,2.35672,UNKNOWN,2026-01-30T13:38:46.299161734Z,0,54319,868100000,125000,CR_4_5,False,False,0,7,-124,-7
2026-01-30T12:56:28.508054875Z,2026-01-30T13:56:28.508054875Z,2026-01-30T13:38:51.510582Z,device_uplink_frame_log,0001000000000002,1769780331510-0,ConfirmedDataUp,LoRaWANR1,"(71, 114, 43, 207)",1,02000000,47,False,True,False,False,2,False,"[{'LinkADRAns': {'ch_mask_ack': True, 'dr_ack': True, 'tx_power_ack': True}}]",a933450d8f,0,0,0,Ds4Uaw==,CRC_OK,0001000000000001,0.0,72.0,48.86683,2.35672,UNKNOWN,2026-01-30T13:38:51.304442755Z,0,30455,867500000,125000,CR_4_5,False,False,0,7,-119,-2
2026-01-30T12:56:28.508054875Z,2026-01-30T13:56:28.508054875Z,2026-01-30T13:38:56.519013Z,device_uplink_frame_log,0001000000000002,1769780336519-0,ConfirmedDataUp,LoRaWANR1,"(61, 77, 138, 229)",1,02000000,48,False,True,False,False,2,False,"[{'LinkADRAns': {'ch_mask_ack': True, 'dr_ack': True, 'tx_power_ack': True}}]",d404d3925c,0,0,0,Dxpfqw==,CRC_OK,0001000000000001,0.0,72.0,48.86683,2.35672,UNKNOWN,2026-01-30T13:38:56.299357911Z,0,48590,868100000,125000,CR_4_5,False,False,0,7,-117,0.2
2026-01-30T12:56:28.508054875Z,2026-01-30T13:56:28.508054875Z,2026-01-30T13:39:01.501216Z,device_uplink_frame_log,0001000000000002,1769780341501-0,ConfirmedDataUp,LoRaWANR1,"(83, 206, 232, 42)",1,02000000,49,False,True,False,False,0,False,[],942c4a25ec,0,0,0,D2aW6w==,CRC_OK,0001000000000001,0.0,72.0,48.86683,2.35672,UNKNOWN,2026-01-30T13:39:01.294661118Z,0,35616,867500000,125000,CR_4_5,False,False,0,7,-118,-1.2
2026-01-30T12:56:28.508054875Z,2026-01-30T13:56:28.508054875Z,2026-01-30T13:39:06.505927Z,device_uplink_frame_log,0001000000000002,1769780346506-0,ConfirmedDataUp,LoRaWANR1,"(40, 14, 134, 254)",1,02000000,50,False,True,False,False,0,False,[],1ff8b721ad,0,0,0,D7LiKw==,CRC_OK,0001000000000001,0.0,72.0,48.86683,2.35672,UNKNOWN,2026-01-30T13:39:06.299546917Z,0,885,868100000,125000,CR_4_5,False,False,0,7,-121,-3.6
2026-01-30T12:56:28.508054875Z,2026-01-30T13:56:28.508054875Z,2026-01-30T13:39:11.500127Z,device_uplink_frame_log,0001000000000002,1769780351500-0,ConfirmedDataUp,LoRaWANR1,"(235, 176, 115, 4)",1,02000000,51,False,True,False,False,0,False,[],0243181da6,0,0,0,D/8taw==,CRC_OK,0001000000000001,0.0,72.0,48.86683,2.35672,UNKNOWN,2026-01-30T13:39:11.294547378Z,0,51449,867500000,125000,CR_4_5,False,False,0,7,-120,-3.4
2026-01-30T12:56:28.508054875Z,2026-01-30T13:56:28.508054875Z,2026-01-30T13:39:16.499934Z,device_uplink_frame_log,0001000000000002,1769780356500-0,ConfirmedDataUp,LoRaWANR1,"(144, 28, 139, 134)",1,02000000,52,False,True,False,False,0,False,[],1e36cda50b,0,0,0,EEt4qw==,CRC_OK,0001000000000001,0.0,72.0,48.86683,2.35672,UNKNOWN,2026-01-30T13:39:16.294881070Z,0,39660,868100000,125000,CR_4_5,False,False,0,7,-125,-7.7
2026-01-30T12:56:28.508054875Z,2026-01-30T13:56:28.508054875Z,2026-01-30T13:39:21.505735Z,device_uplink_frame_log,0001000000000002,1769780361506-0,ConfirmedDataUp,LoRaWANR1,"(33, 90, 11, 101)",1,02000000,53,False,True,False,False,0,False,[],ee8f04338f,0,0,0,EJfD6w==,CRC_OK,0001000000000001,0.0,72.0,48.86683,2.35672,UNKNOWN,2026-01-30T13:39:21.299783459Z,0,6907,867500000,125000,CR_4_5,False,False,0,7,-113,3.7
2026-01-30T12:56:28.508054875Z,2026-01-30T13:56:28.508054875Z,2026-01-30T13:39:31.49958Z,device_uplink_frame_log,0001000000000002,1769780371499-0,ConfirmedDataUp,LoRaWANR1,"(204, 90, 44, 200)",1,02000000,55,False,True,False,False,0,False,[],14ebda7f72,0,0,0,ETBaaw==,CRC_OK,0001000000000001,0.0,72.0,48.86683,2.35672,UNKNOWN,2026-01-30T13:39:31.294779191Z,0,39357,867900000,125000,CR_4_5,False,False,0,7,-122,-5.4
2026-01-30T12:56:28.508054875Z,2026-01-30T13:56:28.508054875Z,2026-01-30T13:39:36.505369Z,device_uplink_frame_log,0001000000000002,1769780376505-0,ConfirmedDataUp,LoRaWANR1,"(128, 65, 27, 120)",1,02000000,56,False,True,False,False,0,False,[],490cfa2ba0,0,0,0,EXylqw==,CRC_OK,0001000000000001,0.0,72.0,48.86683,2.35672,UNKNOWN,2026-01-30T13:39:36.299938815Z,0,10603,868100000,125000,CR_4_5,False,False,0,7,-115,2.1
2026-01-30T12:56:28.508054875Z,2026-01-30T13:56:28.508054875Z,2026-01-30T13:39:41.501837Z,device_uplink_frame_log,0001000000000002,1769780381502-0,ConfirmedDataUp,LoRaWANR1,"(196, 36, 128, 149)",1,02000000,57,False,True,False,False,0,False,[],aad0f47bfe,0,0,0,Ecjw6w==,CRC_OK,0001000000000001,0.0,72.0,48.86683,2.35672,UNKNOWN,2026-01-30T13:39:41.294968298Z,0,31241,867500000,125000,CR_4_5,False,False,0,7,-119,-2.2
2026-01-30T12:56:28.508054875Z,2026-01-30T13:56:28.508054875Z,2026-01-30T13:39:46.499562Z,device_uplink_frame_log,0001000000000002,1769780386499-0,ConfirmedDataUp,LoRaWANR1,"(125, 98, 91, 164)",1,02000000,58,False,True,False,False,0,False,[],81ed814a0f,0,0,0,EhU8Kw==,CRC_OK,0001000000000001,0.0,72.0,48.86683,2.35672,UNKNOWN,2026-01-30T13:39:46.295069830Z,0,947,868100000,125000,CR_4_5,False,False,0,7,-121,-4.1
2026-01-30T12:56:28.508054875Z,2026-01-30T13:56:28.508054875Z,2026-01-30T13:39:51.506461Z,device_uplink_frame_log,0001000000000002,1769780391506-0,ConfirmedDataUp,LoRaWANR1,"(23, 47, 239, 224)",1,02000000,59,False,True,False,False,0,False,[],4279de0315,0,0,0,EmGHaw==,CRC_OK,0001000000000001,0.0,72.0,48.86683,2.35672,UNKNOWN,2026-01-30T13:39:51.299880771Z,0,44177,867500000,125000,CR_4_5,False,False,0,7,-117,0.2
2026-01-30T12:56:28.508054875Z,2026-01-30T13:56:28.508054875Z,2026-01-30T13:39:56.502524Z,device_uplink_frame_log,0001000000000002,1769780396502-0,ConfirmedDataUp,LoRaWANR1,"(176, 94, 45, 58)",1,02000000,60,False,True,False,False,0,False,[],ac0f42eea5,0,0,0,Eq3Sqw==,CRC_OK,0001000000000001,0.0,72.0,48.86683,2.35672,UNKNOWN,2026-01-30T13:39:56.294813073Z,0,29693,868100000,125000,CR_4_5,False,False,0,7,-123,-6
2026-01-30T12:56:28.508054875Z,2026-01-30T13:56:28.508054875Z,2026-01-30T13:40:01.50098Z,device_uplink_frame_log,0001000000000002,1769780401501-0,ConfirmedDataUp,LoRaWANR1,"(133, 31, 4, 201)",1,02000000,61,False,True,False,False,0,False,[],88a6722103,0,0,0,Evod6w==,CRC_OK,0001000000000001,0.0,72.0,48.86683,2.35672,UNKNOWN,2026-01-30T13:40:01.290548151Z,0,21622,867500000,125000,CR_4_5,False,False,0,7,-116,1.3
2026-01-30T12:56:28.508054875Z,2026-01-30T13:56:28.508054875Z,2026-01-30T13:40:06.501267Z,device_uplink_frame_log,0001000000000002,1769780406501-0,ConfirmedDataUp,LoRaWANR1,"(111, 245, 16, 246)",1,02000000,62,False,True,False,False,0,False,[],2edf9606ca,0,0,0,E0ZpKw==,CRC_OK,0001000000000001,0.0,72.0,48.86683,2.35672,UNKNOWN,2026-01-30T13:40:06.295750467Z,0,7381,868100000,125000,CR_4_5,False,False,0,7,-120,-3.2
2026-01-30T12:56:28.508054875Z,2026-01-30T13:56:28.508054875Z,2026-01-30T13:40:11.495779Z,device_uplink_frame_log,0001000000000002,1769780411496-0,ConfirmedDataUp,LoRaWANR1,"(245, 159, 141, 6)",1,02000000,63,False,True,False,False,0,False,[],421328502f,0,0,0,E5K0aw==,CRC_OK,0001000000000001,0.0,72.0,48.86683,2.35672,UNKNOWN,2026-01-30T13:40:11.290617803Z,0,56671,867900000,125000,CR_4_5,False,False,0,7,-115,1.6
2026-01-30T12:56:28.508054875Z,2026-01-30T13:56:28.508054875Z,2026-01-30T13:40:26.497972Z,device_uplink_frame_log,0001000000000002,1769780426498-0,ConfirmedDataUp,LoRaWANR1,"(25, 23, 42, 10)",1,02000000,66,False,True,False,False,0,False,[],9c158c4e23,0,0,0,FHeWKw==,CRC_OK,0001000000000001,0.0,72.0,48.86683,2.35672,UNKNOWN,2026-01-30T13:40:26.291554554Z,0,50608,868100000,125000,CR_4_5,False,False,0,7,-122,-5.4
2026-01-30T12:56:28.508054875Z,2026-01-30T13:56:28.508054875Z,2026-01-30T13:40:36.502955Z,device_uplink_frame_log,0001000000000002,1769780436503-0,ConfirmedDataUp,LoRaWANR1,"(0, 131, 16, 9)",1,02000000,68,False,True,False,False,0,False,[],5d99ae4cf3,0,0,0,FRAsqw==,CRC_OK,0001000000000001,0.0,72.0,48.86683,2.35672,UNKNOWN,2026-01-30T13:40:36.296466074Z,0,7922,868100000,125000,CR_4_5,False,False,0,7,-121,-4.1
2026-01-30T12:56:28.508054875Z,2026-01-30T13:56:28.508054875Z,2026-01-30T13:40:41.497437Z,device_uplink_frame_log,0001000000000002,1769780441497-0,ConfirmedDataUp,LoRaWANR1,"(106, 194, 41, 196)",1,02000000,69,False,True,False,False,0,False,[],6beab7cb4a,0,0,0,FVx36w==,CRC_OK,0001000000000001,0.0,72.0,48.86683,2.35672,UNKNOWN,2026-01-30T13:40:41.291636639Z,0,15395,867500000,125000,CR_4_5,False,False,0,7,-119,-1.8
2026-01-30T12:56:28.508054875Z,2026-01-30T13:56:28.508054875Z,2026-01-30T13:40:51.497624Z,device_uplink_frame_log,0001000000000002,1769780451497-0,ConfirmedDataUp,LoRaWANR1,"(126, 201, 146, 162)",1,02000000,71,False,True,False,False,0,False,[],69bdb12b53,0,0,0,FfUOaw==,CRC_OK,0001000000000001,0.0,72.0,48.86683,2.35672,UNKNOWN,2026-01-30T13:40:51.291519837Z,0,9708,867500000,125000,CR_4_5,False,False,0,7,-115,2.1
2026-01-30T12:56:28.508054875Z,2026-01-30T13:56:28.508054875Z,2026-01-30T13:40:56.501764Z,device_uplink_frame_log,0001000000000002,1769780456502-0,ConfirmedDataUp,LoRaWANR1,"(212, 136, 178, 66)",1,02000000,72,False,True,False,False,0,False,[],bdbce5ffbb,0,0,0,FkFZqw==,CRC_OK,0001000000000001,0.0,72.0,48.86683,2.35672,UNKNOWN,2026-01-30T13:40:56.296535578Z,0,40203,868100000,125000,CR_4_5,False,False,0,7,-120,-3.2
2026-01-30T12:56:28.508054875Z,2026-01-30T13:56:28.508054875Z,2026-01-30T13:41:06.497945Z,device_uplink_frame_log,0001000000000002,1769780466498-0,ConfirmedDataUp,LoRaWANR1,"(111, 240, 32, 238)",1,02000000,74,False,True,False,False,0,False,[],7ae7d914e9,0,0,0,FtnwKw==,CRC_OK,0001000000000001,0.0,72.0,48.86683,2.35672,UNKNOWN,2026-01-30T13:41:06.291737764Z,0,59514,868100000,125000,CR_4_5,False,False,0,7,-126,-9.1
2026-01-30T12:56:28.508054875Z,2026-01-30T13:56:28.508054875Z,2026-01-30T13:41:11.50265Z,device_uplink_frame_log,0001000000000002,1769780471502-0,ConfirmedDataUp,LoRaWANR1,"(70, 238, 218, 81)",1,02000000,75,False,True,False,False,2,False,"[{'LinkADRAns': {'ch_mask_ack': True, 'dr_ack': True, 'tx_power_ack': True}}]",6ddd31fa30,0,0,0,FyZPaw==,CRC_OK,0001000000000001,0.0,72.0,48.86683,2.35672,UNKNOWN,2026-01-30T13:41:11.296617221Z,0,44450,867900000,125000,CR_4_5,False,False,0,7,-125,-8
2026-01-30T12:56:28.508054875Z,2026-01-30T13:56:28.508054875Z,2026-01-30T13:41:26.503899Z,device_uplink_frame_log,0001000000000002,1769780486504-0,ConfirmedDataUp,LoRaWANR1,"(250, 30, 189, 182)",1,02000000,78,False,True,False,False,0,False,[],571e95bfe7,0,0,0,GAsdKw==,CRC_OK,0001000000000001,0.0,72.0,48.86683,2.35672,UNKNOWN,2026-01-30T13:41:26.296567593Z,0,60124,868100000,125000,CR_4_5,False,False,0,7,-117,0
2026-01-30T12:56:28.508054875Z,2026-01-30T13:56:28.508054875Z,2026-01-30T13:41:31.507329Z,device_uplink_frame_log,0001000000000002,1769780491507-0,ConfirmedDataUp,LoRaWANR1,"(153, 174, 101, 85)",1,02000000,79,False,True,False,False,2,False,"[{'LinkADRAns': {'ch_mask_ack': True, 'dr_ack': True, 'tx_power_ack': True}}]",bf5b3e3db4,0,0,0,GFd8aw==,CRC_OK,0001000000000001,0.0,72.0,48.86683,2.35672,UNKNOWN,2026-01-30T13:41:31.301671145Z,0,796,867900000,125000,CR_4_5,False,False,0,7,-125,-7.8
2026-01-30T12:56:28.508054875Z,2026-01-30T13:56:28.508054875Z,2026-01-30T13:41:36.502612Z,device_uplink_frame_log,0001000000000002,1769780496502-0,ConfirmedDataUp,LoRaWANR1,"(198, 10, 146, 32)",1,02000000,80,False,True,False,False,2,False,"[{'LinkADRAns': {'ch_mask_ack': True, 'dr_ack': True, 'tx_power_ack': True}}]",d51639286d,0,0,0,GKPHqw==,CRC_OK,0001000000000001,0.0,72.0,48.86683,2.35672,UNKNOWN,2026-01-30T13:41:36.296946045Z,0,22701,868100000,125000,CR_4_5,False,False,0,7,-121,-3.6
2026-01-30T12:56:28.508054875Z,2026-01-30T13:56:28.508054875Z,2026-01-30T13:41:41.503295Z,device_uplink_frame_log,0001000000000002,1769780501503-0,ConfirmedDataUp,LoRaWANR1,"(114, 126, 217, 180)",1,02000000,81,False,True,False,False,0,False,[],4d42410cbf,0,0,0,GO/+6w==,CRC_OK,0001000000000001,0.0,72.0,48.86683,2.35672,UNKNOWN,2026-01-30T13:41:41.291880622Z,0,9111,867500000,125000,CR_4_5,False,False,0,7,-121,-3.5
2026-01-30T12:56:28.508054875Z,2026-01-30T13:56:28.508054875Z,2026-01-30T13:41:46.498566Z,device_uplink_frame_log,0001000000000002,1769780506498-0,ConfirmedDataUp,LoRaWANR1,"(162, 25, 87, 187)",1,02000000,82,False,True,False,False,0,False,[],f2a712714b,0,0,0,GTxKKw==,CRC_OK,0001000000000001,0.0,72.0,48.86683,2.35672,UNKNOWN,2026-01-30T13:41:46.291897153Z,0,26268,868100000,125000,CR_4_5,False,False,0,7,-117,-0.1
2026-01-30T12:56:28.508054875Z,2026-01-30T13:56:28.508054875Z,2026-01-30T13:41:56.510939Z,device_uplink_frame_log,0001000000000002,1769780516511-0,ConfirmedDataUp,LoRaWANR1,"(112, 75, 220, 247)",1,02000000,84,False,True,False,False,0,False,[],515f63bfaa,0,0,0,GdTgqw==,CRC_OK,0001000000000001,0.0,72.0,48.86683,2.35672,UNKNOWN,2026-01-30T13:41:56.296874254Z,0,12631,868100000,125000,CR_4_5,False,False,0,7,-118,-1.1
2026-01-30T12:56:28.508054875Z,2026-01-30T13:56:28.508054875Z,2026-01-30T13:42:01.498573Z,device_uplink_frame_log,0001000000000002,1769780521498-0,ConfirmedDataUp,LoRaWANR1,"(229, 191, 198, 8)",1,02000000,85,False,True,False,False,0,False,[],f78ae1da26,0,0,0,GiEr6w==,CRC_OK,0001000000000001,0.0,72.0,48.86683,2.35672,UNKNOWN,2026-01-30T13:42:01.291971953Z,0,17287,867900000,125000,CR_4_5,False,False,0,7,-120,-3
2026-01-30T12:56:28.508054875Z,2026-01-30T13:56:28.508054875Z,2026-01-30T13:42:06.504696Z,device_uplink_frame_log,0001000000000002,1769780526504-0,ConfirmedDataUp,LoRaWANR1,"(34, 87, 5, 145)",1,02000000,86,False,True,False,False,0,False,[],72229a10f0,0,0,0,Gm13Kw==,CRC_OK,0001000000000001,0.0,72.0,48.86683,2.35672,UNKNOWN,2026-01-30T13:42:06.296947331Z,0,43578,868100000,125000,CR_4_5,False,False,0,7,-121,-3.8
2026-01-30T12:56:28.508054875Z,2026-01-30T13:56:28.508054875Z,2026-01-30T13:42:11.497739Z,device_uplink_frame_log,0001000000000002,1769780531497-0,ConfirmedDataUp,LoRaWANR1,"(139, 5, 112, 178)",1,02000000,87,False,True,False,False,0,False,[],7681ab9b8d,0,0,0,GrnCaw==,CRC_OK,0001000000000001,0.0,72.0,48.86683,2.35672,UNKNOWN,2026-01-30T13:42:11.291930231Z,0,53560,867900000,125000,CR_4_5,False,False,0,7,-125,-7.8
2026-01-30T12:56:28.508054875Z,2026-01-30T13:56:28.508054875Z,2026-01-30T13:42:26.496964Z,device_uplink_frame_log,0001000000000002,1769780546497-0,ConfirmedDataUp,LoRaWANR1,"(150, 48, 127, 186)",1,02000000,90,False,True,False,False,0,False,[],3e682894ce,0,0,0,G56kKw==,CRC_OK,0001000000000001,0.0,72.0,48.86683,2.35672,UNKNOWN,2026-01-30T13:42:26.292145917Z,0,2777,868100000,125000,CR_4_5,False,False,0,7,-122,-4.5
2026-01-30T12:56:28.508054875Z,2026-01-30T13:56:28.508054875Z,2026-01-30T13:42:31.503271Z,device_uplink_frame_log,0001000000000002,1769780551503-0,ConfirmedDataUp,LoRaWANR1,"(95, 87, 229, 157)",1,02000000,91,False,True,False,False,0,False,[],be98fb113c,0,0,0,G+rvaw==,CRC_OK,0001000000000001,0.0,72.0,48.86683,2.35672,UNKNOWN,2026-01-30T13:42:31.297499307Z,0,37676,867900000,125000,CR_4_5,False,False,0,7,-122,-5
2026-01-30T12:56:28.508054875Z,2026-01-30T13:56:28.508054875Z,2026-01-30T13:42:36.498888Z,device_uplink_frame_log,0001000000000002,1769780556499-0,ConfirmedDataUp,LoRaWANR1,"(129, 217, 180, 58)",1,02000000,92,False,True,False,False,0,False,[],080bfd43f6,0,0,0,HDc6qw==,CRC_OK,0001000000000001,0.0,72.0,48.86683,2.35672,UNKNOWN,2026-01-30T13:42:36.292582062Z,0,34869,868100000,125000,CR_4_5,False,False,0,7,-117,-0.3
2026-01-30T12:56:28.508054875Z,2026-01-30T13:56:28.508054875Z,2026-01-30T13:42:41.503473Z,device_uplink_frame_log,0001000000000002,1769780561503-0,ConfirmedDataUp,LoRaWANR1,"(90, 44, 20, 209)",1,02000000,93,False,True,False,False,0,False,[],fb351cfdb1,0,0,0,HIOF6w==,CRC_OK,0001000000000001,0.0,72.0,48.86683,2.35672,UNKNOWN,2026-01-30T13:42:41.297606096Z,0,52616,867500000,125000,CR_4_5,False,False,0,7,-122,-5.4
2026-01-30T12:56:28.508054875Z,2026-01-30T13:56:28.508054875Z,2026-01-30T13:42:46.504507Z,device_uplink_frame_log,0001000000000002,1769780566504-0,ConfirmedDataUp,LoRaWANR1,"(244, 166, 67, 141)",1,02000000,94,False,True,False,False,0,False,[],10c49f65c4,0,0,0,HM/RKw==,CRC_OK,0001000000000001,0.0,72.0,48.86683,2.35672,UNKNOWN,2026-01-30T13:42:46.297498169Z,0,39940,868100000,125000,CR_4_5,False,False,0,7,-117,0.3
2026-01-30T12:56:28.508054875Z,2026-01-30T13:56:28.508054875Z,2026-01-30T13:42:51.499334Z,device_uplink_frame_log,0001000000000002,1769780571499-0,ConfirmedDataUp,LoRaWANR1,"(35, 83, 60, 7)",1,02000000,95,False,True,False,False,0,False,[],af10f44451,0,0,0,HRwcaw==,CRC_OK,0001000000000001,0.0,72.0,48.86683,2.35672,UNKNOWN,2026-01-30T13:42:51.292686512Z,0,50053,867500000,125000,CR_4_5,False,False,0,7,-122,-4.9
2026-01-30T12:56:28.508054875Z,2026-01-30T13:56:28.508054875Z,2026-01-30T13:42:56.5037Z,device_uplink_frame_log,0001000000000002,1769780576503-0,ConfirmedDataUp,LoRaWANR1,"(238, 198, 24, 94)",1,02000000,96,False,True,False,False,0,False,[],a6650f61fb,0,0,0,HWhnqw==,CRC_OK,0001000000000001,0.0,72.0,48.86683,2.35672,UNKNOWN,2026-01-30T13:42:56.297832304Z,0,15658,868100000,125000,CR_4_5,False,False,0,7,-116,0.9
2026-01-30T12:56:28.508054875Z,2026-01-30T13:56:28.508054875Z,2026-01-30T13:43:01.498268Z,device_uplink_frame_log,0001000000000002,1769780581498-0,ConfirmedDataUp,LoRaWANR1,"(213, 180, 36, 189)",1,02000000,97,False,True,False,False,0,False,[],145adbb956,0,0,0,HbSy6w==,CRC_OK,0001000000000001,0.0,72.0,48.86683,2.35672,UNKNOWN,2026-01-30T13:43:01.292733366Z,0,24346,867500000,125000,CR_4_5,False,False,0,7,-118,-0.8
2026-01-30T12:56:28.508054875Z,2026-01-30T13:56:28.508054875Z,2026-01-30T13:43:11.504127Z,device_uplink_frame_log,0001000000000002,1769780591504-0,ConfirmedDataUp,LoRaWANR1,"(203, 37, 7, 33)",1,02000000,99,False,True,False,False,0,False,[],58a6a4aa2b,0,0,0,Hk1Jaw==,CRC_OK,0001000000000001,0.0,72.0,48.86683,2.35672,UNKNOWN,2026-01-30T13:43:11.297829716Z,0,16950,867500000,125000,CR_4_5,False,False,0,7,-117,0.1
2026-01-30T12:56:28.508054875Z,2026-01-30T13:56:28.508054875Z,2026-01-30T13:43:16.505336Z,device_uplink_frame_log,0001000000000002,1769780596505-0,ConfirmedDataUp,LoRaWANR1,"(95, 207, 48, 223)",1,02000000,100,False,True,False,False,0,False,[],3029bdad7e,0,0,0,HpmUqw==,CRC_OK,0001000000000001,0.0,72.0,48.86683,2.35672,UNKNOWN,2026-01-30T13:43:16.298367274Z,0,59616,868100000,125000,CR_4_5,False,False,0,7,-117,0.2
2026-01-30T12:56:28.508054875Z,2026-01-30T13:56:28.508054875Z,2026-01-30T13:43:21.499774Z,device_uplink_frame_log,0001000000000002,1769780601500-0,ConfirmedDataUp,LoRaWANR1,"(9, 251, 235, 196)",1,02000000,101,False,True,False,False,0,False,[],75f4582f78,0,0,0,HuXf6w==,CRC_OK,0001000000000001,0.0,72.0,48.86683,2.35672,UNKNOWN,2026-01-30T13:43:21.293220547Z,0,13003,867500000,125000,CR_4_5,False,False,0,7,-116,0.7
2026-01-30T12:56:28.508054875Z,2026-01-30T13:56:28.508054875Z,2026-01-30T13:43:26.503158Z,device_uplink_frame_log,0001000000000002,1769780606503-0,ConfirmedDataUp,LoRaWANR1,"(172, 136, 230, 231)",1,02000000,102,False,True,False,False,0,False,[],f93ff5246a,0,0,0,HzIrKw==,CRC_OK,0001000000000001,0.0,72.0,48.86683,2.35672,UNKNOWN,2026-01-30T13:43:26.298314275Z,0,45584,868100000,125000,CR_4_5,False,False,0,7,-124,-7.1
2026-01-30T12:56:28.508054875Z,2026-01-30T13:56:28.508054875Z,2026-01-30T13:43:41.499489Z,device_uplink_frame_log,0001000000000002,1769780621499-0,ConfirmedDataUp,LoRaWANR1,"(228, 200, 235, 21)",1,02000000,105,False,True,False,False,0,False,[],191ad66a5d,0,0,0,IBcM6w==,CRC_OK,0001000000000001,0.0,72.0,48.86683,2.35672,UNKNOWN,2026-01-30T13:43:41.293236285Z,0,49966,867900000,125000,CR_4_5,False,False,0,7,-115,2
2026-01-30T12:56:28.508054875Z,2026-01-30T13:56:28.508054875Z,2026-01-30T13:43:46.513236Z,device_uplink_frame_log,0001000000000002,1769780626513-0,ConfirmedDataUp,LoRaWANR1,"(241, 42, 253, 186)",1,02000000,106,False,True,False,False,2,False,"[{'LinkADRAns': {'ch_mask_ack': True, 'dr_ack': True, 'tx_power_ack': True}}]",6f58beec42,0,0,0,IGNsKw==,CRC_OK,0001000000000001,0.0,72.0,48.86683,2.35672,UNKNOWN,2026-01-30T13:43:46.303282339Z,0,44635,868100000,125000,CR_4_5,False,False,0,7,-114,3.3
2026-01-30T12:56:28.508054875Z,2026-01-30T13:56:28.508054875Z,2026-01-30T13:43:51.503223Z,device_uplink_frame_log,0001000000000002,1769780631503-0,ConfirmedDataUp,LoRaWANR1,"(143, 59, 185, 15)",1,02000000,107,False,True,False,False,2,False,"[{'LinkADRAns': {'ch_mask_ack': True, 'dr_ack': True, 'tx_power_ack': True}}]",52d1328399,0,0,0,IK+3aw==,CRC_OK,0001000000000001,0.0,72.0,48.86683,2.35672,UNKNOWN,2026-01-30T13:43:51.298240348Z,0,28699,867900000,125000,CR_4_5,False,False,0,7,-125,-8.2
2026-01-30T12:56:28.508054875Z,2026-01-30T13:56:28.508054875Z,2026-01-30T13:43:56.509198Z,device_uplink_frame_log,0001000000000002,1769780636509-0,ConfirmedDataUp,LoRaWANR1,"(60, 146, 184, 178)",1,02000000,108,False,True,False,False,2,False,"[{'LinkADRAns': {'ch_mask_ack': True, 'dr_ack': True, 'tx_power_ack': True}}]",83e1f5634d,0,0,0,IPwCqw==,CRC_OK,0001000000000001,0.0,72.0,48.86683,2.35672,UNKNOWN,2026-01-30T13:43:56.303459993Z,0,57309,868100000,125000,CR_4_5,False,False,0,7,-121,-3.7
2026-01-30T12:56:28.508054875Z,2026-01-30T13:56:28.508054875Z,2026-01-30T13:44:01.505035Z,device_uplink_frame_log,0001000000000002,1769780641505-0,ConfirmedDataUp,LoRaWANR1,"(184, 168, 40, 110)",1,02000000,109,False,True,False,False,0,False,[],21071337ab,0,0,0,IUg56w==,CRC_OK,0001000000000001,0.0,72.0,48.86683,2.35672,UNKNOWN,2026-01-30T13:44:01.298549781Z,0,1361,867500000,125000,CR_4_5,False,False,0,7,-114,2.7
2026-01-30T12:56:28.508054875Z,2026-01-30T13:56:28.508054875Z,2026-01-30T13:44:06.500762Z,device_uplink_frame_log,0001000000000002,1769780646501-0,ConfirmedDataUp,LoRaWANR1,"(252, 236, 109, 185)",1,02000000,110,False,True,False,False,0,False,[],9d931e02e2,0,0,0,IZSFKw==,CRC_OK,0001000000000001,0.0,72.0,48.86683,2.35672,UNKNOWN,2026-01-30T13:44:06.293461310Z,0,44384,868100000,125000,CR_4_5,False,False,0,7,-118,-1.1
2026-01-30T12:56:28.508054875Z,2026-01-30T13:56:28.508054875Z,2026-01-30T13:44:11.505408Z,device_uplink_frame_log,0001000000000002,1769780651505-0,ConfirmedDataUp,LoRaWANR1,"(155, 59, 225, 114)",1,02000000,111,False,True,False,False,0,False,[],2fd419eb36,0,0,0,IeDQaw==,CRC_OK,0001000000000001,0.0,72.0,48.86683,2.35672,UNKNOWN,2026-01-30T13:44:11.298660786Z,0,25316,867500000,125000,CR_4_5,False,False,0,7,-119,-1.5
2026-01-30T12:56:28.508054875Z,2026-01-30T13:56:28.508054875Z,2026-01-30T13:44:16.505243Z,device_uplink_frame_log,0001000000000002,1769780656505-0,ConfirmedDataUp,LoRaWANR1,"(173, 126, 120, 203)",1,02000000,112,False,True,False,False,0,False,[],7db0a34341,0,0,0,Ii0bqw==,CRC_OK,0001000000000001,0.0,72.0,48.86683,2.35672,UNKNOWN,2026-01-30T13:44:16.299374259Z,0,54633,868100000,125000,CR_4_5,False,False,0,7,-124,-7.2
2026-01-30T12:56:28.508054875Z,2026-01-30T13:56:28.508054875Z,2026-01-30T13:44:21.500305Z,device_uplink_frame_log,0001000000000002,1769780661500-0,ConfirmedDataUp,LoRaWANR1,"(42, 153, 141, 237)",1,02000000,113,False,True,False,False,0,False,[],0b94b1ef67,0,0,0,Inlm6w==,CRC_OK,0001000000000001,0.0,72.0,48.86683,2.35672,UNKNOWN,2026-01-30T13:44:21.293986833Z,0,58552,867500000,125000,CR_4_5,False,False,0,7,-120,-2.5
2026-01-30T12:56:28.508054875Z,2026-01-30T13:56:28.508054875Z,2026-01-30T13:44:26.504426Z,device_uplink_frame_log,0001000000000002,1769780666504-0,ConfirmedDataUp,LoRaWANR1,"(133, 229, 139, 85)",1,02000000,114,False,True,False,False,0,False,[],67f48f5258,0,0,0,IsWyKw==,CRC_OK,0001000000000001,0.0,72.0,48.86683,2.35672,UNKNOWN,2026-01-30T13:44:26.299091606Z,0,2795,868100000,125000,CR_4_5,False,False,0,7,-121,-3.8
2026-01-30T12:56:28.508054875Z,2026-01-30T13:56:28.508054875Z,2026-01-30T13:44:31.500855Z,device_uplink_frame_log,0001000000000002,1769780671501-0,ConfirmedDataUp,LoRaWANR1,"(196, 126, 241, 80)",1,02000000,115,False,True,False,False,0,False,[],6a2eb2d4b2,0,0,0,IxH9aw==,CRC_OK,0001000000000001,0.0,72.0,48.86683,2.35672,UNKNOWN,2026-01-30T13:44:31.294152503Z,0,17923,867900000,125000,CR_4_5,False,False,0,7,-121,-3.6
2026-01-30T12:56:28.508054875Z,2026-01-30T13:56:28.508054875Z,2026-01-30T13:44:36.50531Z,device_uplink_frame_log,0001000000000002,1769780676505-0,ConfirmedDataUp,LoRaWANR1,"(136, 180, 141, 74)",1,02000000,116,False,True,False,False,0,False,[],897361f666,0,0,0,I15Iqw==,CRC_OK,0001000000000001,0.0,72.0,48.86683,2.35672,UNKNOWN,2026-01-30T13:44:36.299064649Z,0,59022,868100000,125000,CR_4_5,False,False,0,7,-126,-9.5
2026-01-30T12:56:28.508054875Z,2026-01-30T13:56:28.508054875Z,2026-01-30T13:44:41.499714Z,device_uplink_frame_log,0001000000000002,1769780681499-0,ConfirmedDataUp,LoRaWANR1,"(89, 11, 245, 145)",1,02000000,117,False,True,False,False,0,False,[],cb58d9d4bc,0,0,0,I6qT6w==,CRC_OK,0001000000000001,0.0,72.0,48.86683,2.35672,UNKNOWN,2026-01-30T13:44:41.294016681Z,0,58621,867500000,125000,CR_4_5,False,False,0,7,-121,-3.8
2026-01-30T12:56:28.508054875Z,2026-01-30T13:56:28.508054875Z,2026-01-30T13:44:46.499482Z,device_uplink_frame_log,0001000000000002,1769780686499-0,ConfirmedDataUp,LoRaWANR1,"(220, 168, 162, 148)",1,02000000,118,False,True,False,False,0,False,[],b17e6c87ba,0,0,0,I/bfKw==,CRC_OK,0001000000000001,0.0,72.0,48.86683,2.35672,UNKNOWN,2026-01-30T13:44:46.293927147Z,0,45954,868100000,125000,CR_4_5,False,False,0,7,-123,-6.4
2026-01-30T12:56:28.508054875Z,2026-01-30T13:56:28.508054875Z,2026-01-30T13:44:51.50468Z,device_uplink_frame_log,0001000000000002,1769780691504-0,ConfirmedDataUp,LoRaWANR1,"(150, 81, 111, 118)",1,02000000,119,False,True,False,False,0,False,[],3d154bb693,0,0,0,JEMqaw==,CRC_OK,0001000000000001,0.0,72.0,48.86683,2.35672,UNKNOWN,2026-01-30T13:44:51.299014056Z,0,30154,867500000,125000,CR_4_5,False,False,0,7,-123,-6.1
2026-01-30T12:56:28.508054875Z,2026-01-30T13:56:28.508054875Z,2026-01-30T13:44:56.501244Z,device_uplink_frame_log,0001000000000002,1769780696501-0,ConfirmedDataUp,LoRaWANR1,"(67, 190, 43, 68)",1,02000000,120,False,True,False,False,0,False,[],5515411095,0,0,0,JI91qw==,CRC_OK,0001000000000001,0.0,72.0,48.86683,2.35672,UNKNOWN,2026-01-30T13:44:56.293957910Z,0,56873,868100000,125000,CR_4_5,False,False,0,7,-116,1.3
2026-01-30T12:56:28.508054875Z,2026-01-30T13:56:28.508054875Z,2026-01-30T13:45:01.505113Z,device_uplink_frame_log,0001000000000002,1769780701505-0,ConfirmedDataUp,LoRaWANR1,"(166, 157, 215, 5)",1,02000000,121,False,True,False,False,0,False,[],5e6d3d2446,0,0,0,JNvA6w==,CRC_OK,0001000000000001,0.0,72.0,48.86683,2.35672,UNKNOWN,2026-01-30T13:45:01.298981522Z,0,21230,867500000,125000,CR_4_5,False,False,0,7,-116,0.7
2026-01-30T12:56:28.508054875Z,2026-01-30T13:56:28.508054875Z,2026-01-30T13:45:11.499849Z,device_uplink_frame_log,0001000000000002,1769780711500-0,ConfirmedDataUp,LoRaWANR1,"(96, 240, 253, 201)",1,02000000,123,False,True,False,False,0,False,[],98b3253528,0,0,0,JXRXaw==,CRC_OK,0001000000000001,0.0,72.0,48.86683,2.35672,UNKNOWN,2026-01-30T13:45:11.294193189Z,0,9937,867500000,125000,CR_4_5,False,False,0,7,-117,-0.1
2026-01-30T12:56:28.508054875Z,2026-01-30T13:56:28.508054875Z,2026-01-30T13:45:16.499516Z,device_uplink_frame_log,0001000000000002,1769780716499-0,ConfirmedDataUp,LoRaWANR1,"(64, 132, 58, 133)",1,02000000,124,False,True,False,False,0,False,[],a16d17bfb9,0,0,0,JcCiqw==,CRC_OK,0001000000000001,0.0,72.0,48.86683,2.35672,UNKNOWN,2026-01-30T13:45:16.293923438Z,0,53449,868100000,125000,CR_4_5,False,False,0,7,-117,0.2
2026-01-30T12:56:28.508054875Z,2026-01-30T13:56:28.508054875Z,2026-01-30T13:45:21.504657Z,device_uplink_frame_log,0001000000000002,1769780721505-0,ConfirmedDataUp,LoRaWANR1,"(31, 150, 46, 189)",1,02000000,125,False,True,False,False,0,False,[],f8d974279d,0,0,0,Jgzt6w==,CRC_OK,0001000000000001,0.0,72.0,48.86683,2.35672,UNKNOWN,2026-01-30T13:45:21.299081177Z,0,36198,867500000,125000,CR_4_5,False,False,0,7,-116,1
2026-01-30T12:56:28.508054875Z,2026-01-30T13:56:28.508054875Z,2026-01-30T13:45:26.500653Z,device_uplink_frame_log,0001000000000002,1769780726500-0,ConfirmedDataUp,LoRaWANR1,"(44, 6, 54, 198)",1,02000000,126,False,True,False,False,0,False,[],8e75ed351b,0,0,0,Jlk5Kw==,CRC_OK,0001000000000001,0.0,72.0,48.86683,2.35672,UNKNOWN,2026-01-30T13:45:26.293958810Z,0,53506,868100000,125000,CR_4_5,False,False,0,7,-123,-5.5
2026-01-30T12:56:28.508054875Z,2026-01-30T13:56:28.508054875Z,2026-01-30T13:45:31.506576Z,device_uplink_frame_log,0001000000000002,1769780731506-0,ConfirmedDataUp,LoRaWANR1,"(132, 255, 52, 19)",1,02000000,127,False,True,False,False,0,False,[],03203a9903,0,0,0,JqWEaw==,CRC_OK,0001000000000001,0.0,72.0,48.86683,2.35672,UNKNOWN,2026-01-30T13:45:31.299198371Z,0,2559,867900000,125000,CR_4_5,False,False,0,7,-121,-3.6
2026-01-30T12:56:28.508054875Z,2026-01-30T13:56:28.508054875Z,2026-01-30T13:45:36.500402Z,device_uplink_frame_log,0001000000000002,1769780736500-0,ConfirmedDataUp,LoRaWANR1,"(223, 18, 221, 27)",1,02000000,128,False,True,False,False,0,False,[],d457735926,0,0,0,JvHPqw==,CRC_OK,0001000000000001,0.0,72.0,48.86683,2.35672,UNKNOWN,2026-01-30T13:45:36.294216473Z,0,8487,868100000,125000,CR_4_5,False,False,0,7,-118,-0.6
2026-01-30T12:56:28.508054875Z,2026-01-30T13:56:28.508054875Z,2026-01-30T13:45:46.499708Z,device_uplink_frame_log,0001000000000002,1769780746499-0,ConfirmedDataUp,LoRaWANR1,"(107, 76, 53, 148)",1,02000000,130,False,True,False,False,0,False,[],a58a4794c3,0,0,0,J4pmKw==,CRC_OK,0001000000000001,0.0,72.0,48.86683,2.35672,UNKNOWN,2026-01-30T13:45:46.294381674Z,0,43772,868100000,125000,CR_4_5,False,False,0,7,-121,-3.8
2026-01-30T12:56:28.508054875Z,2026-01-30T13:56:28.508054875Z,2026-01-30T13:45:51.506229Z,device_uplink_frame_log,0001000000000002,1769780751506-0,ConfirmedDataUp,LoRaWANR1,"(35, 112, 103, 79)",1,02000000,131,False,True,False,False,2,False,"[{'LinkADRAns': {'ch_mask_ack': True, 'dr_ack': True, 'tx_power_ack': True}}]",76fb6ec2f5,0,0,0,J9bFaw==,CRC_OK,0001000000000001,0.0,72.0,48.86683,2.35672,UNKNOWN,2026-01-30T13:45:51.299368499Z,0,23158,867500000,125000,CR_4_5,False,False,0,7,-124,-6.6
2026-01-30T12:56:28.508054875Z,2026-01-30T13:56:28.508054875Z,2026-01-30T13:45:56.51047Z,device_uplink_frame_log,0001000000000002,1769780756510-0,ConfirmedDataUp,LoRaWANR1,"(186, 31, 158, 27)",1,02000000,132,False,True,False,False,2,False,"[{'LinkADRAns': {'ch_mask_ack': True, 'dr_ack': True, 'tx_power_ack': True}}]",4aa9a2ef74,0,0,0,KCMQqw==,CRC_OK,0001000000000001,0.0,72.0,48.86683,2.35672,UNKNOWN,2026-01-30T13:45:56.304392644Z,0,16655,868100000,125000,CR_4_5,False,False,0,7,-120,-2.8
2026-01-30T12:56:28.508054875Z,2026-01-30T13:56:28.508054875Z,2026-01-30T13:46:01.505343Z,device_uplink_frame_log,0001000000000002,1769780761505-0,ConfirmedDataUp,LoRaWANR1,"(188, 187, 105, 123)",1,02000000,133,False,True,False,False,0,False,[],a1feeea340,0,0,0,KG9H6w==,CRC_OK,0001000000000001,0.0,72.0,48.86683,2.35672,UNKNOWN,2026-01-30T13:46:01.299448888Z,0,48433,867500000,125000,CR_4_5,False,False,0,7,-120,-3
2026-01-30T12:56:28.508054875Z,2026-01-30T13:56:28.508054875Z,2026-01-30T13:46:06.499623Z,device_uplink_frame_log,0001000000000002,1769780766499-0,ConfirmedDataUp,LoRaWANR1,"(85, 8, 16, 131)",1,02000000,134,False,True,False,False,0,False,[],f0ee78c6ef,0,0,0,KLuTKw==,CRC_OK,0001000000000001,0.0,72.0,48.86683,2.35672,UNKNOWN,2026-01-30T13:46:06.294523746Z,0,54192,868100000,125000,CR_4_5,False,False,0,7,-122,-5.2
2026-01-30T12:56:28.508054875Z,2026-01-30T13:56:28.508054875Z,2026-01-30T13:46:11.506601Z,device_uplink_frame_log,0001000000000002,1769780771506-0,ConfirmedDataUp,LoRaWANR1,"(197, 255, 82, 154)",1,02000000,135,False,True,False,False,0,False,[],da44aba140,0,0,0,KQfeaw==,CRC_OK,0001000000000001,0.0,72.0,48.86683,2.35672,UNKNOWN,2026-01-30T13:46:11.299666470Z,0,28758,867500000,125000,CR_4_5,False,False,0,7,-114,3.4
2026-01-30T12:56:28.508054875Z,2026-01-30T13:56:28.508054875Z,2026-01-30T13:46:16.507433Z,device_uplink_frame_log,0001000000000002,1769780776507-0,ConfirmedDataUp,LoRaWANR1,"(126, 45, 190, 50)",1,02000000,136,False,True,False,False,0,False,[],9f62a5d36f,0,0,0,KVQpqw==,CRC_OK,0001000000000001,0.0,72.0,48.86683,2.35672,UNKNOWN,2026-01-30T13:46:16.299903341Z,0,9884,868100000,125000,CR_4_5,False,False,0,7,-122,-4.6
2026-01-30T12:56:28.508054875Z,2026-01-30T13:56:28.508054875Z,2026-01-30T13:46:21.501343Z,device_uplink_frame_log,0001000000000002,1769780781501-0,ConfirmedDataUp,LoRaWANR1,"(135, 178, 62, 49)",1,02000000,137,False,True,False,False,0,False,[],e0e8b3dae3,0,0,0,KaB06w==,CRC_OK,0001000000000001,0.0,72.0,48.86683,2.35672,UNKNOWN,2026-01-30T13:46:21.295081326Z,0,56207,867500000,125000,CR_4_5,False,False,0,7,-120,-3
2026-01-30T12:56:28.508054875Z,2026-01-30T13:56:28.508054875Z,2026-01-30T13:46:26.506097Z,device_uplink_frame_log,0001000000000002,1769780786506-0,ConfirmedDataUp,LoRaWANR1,"(235, 211, 88, 107)",1,02000000,138,False,True,False,False,0,False,[],16dba165ec,0,0,0,KezAKw==,CRC_OK,0001000000000001,0.0,72.0,48.86683,2.35672,UNKNOWN,2026-01-30T13:46:26.299984715Z,0,21928,868100000,125000,CR_4_5,False,False,0,7,-123,-6.1
2026-01-30T12:56:28.508054875Z,2026-01-30T13:56:28.508054875Z,2026-01-30T13:46:31.501626Z,device_uplink_frame_log,0001000000000002,1769780791501-0,ConfirmedDataUp,LoRaWANR1,"(251, 8, 136, 249)",1,02000000,139,False,True,False,False,0,False,[],e5843e7831,0,0,0,KjkLaw==,CRC_OK,0001000000000001,0.0,72.0,48.86683,2.35672,UNKNOWN,2026-01-30T13:46:31.295338242Z,0,63344,867900000,125000,CR_4_5,False,False,0,7,-121,-4.3
2026-01-30T12:56:28.508054875Z,2026-01-30T13:56:28.508054875Z,2026-01-30T13:46:36.505203Z,device_uplink_frame_log,0001000000000002,1769780796505-0,ConfirmedDataUp,LoRaWANR1,"(169, 117, 225, 182)",1,02000000,140,False,True,False,False,0,False,[],cc69772364,0,0,0,KoVWqw==,CRC_OK,0001000000000001,0.0,72.0,48.86683,2.35672,UNKNOWN,2026-01-30T13:46:36.300343208Z,0,13147,868100000,125000,CR_4_5,False,False,0,7,-118,-1.3
2026-01-30T12:56:28.508054875Z,2026-01-30T13:56:28.508054875Z,2026-01-30T13:46:41.503926Z,device_uplink_frame_log,0001000000000002,1769780801504-0,ConfirmedDataUp,LoRaWANR1,"(45, 83, 23, 134)",1,02000000,141,False,True,False,False,0,False,[],fad7890b1d,0,0,0,KtGh6w==,CRC_OK,0001000000000001,0.0,72.0,48.86683,2.35672,UNKNOWN,2026-01-30T13:46:41.297995857Z,0,961,867500000,125000,CR_4_5,False,False,0,7,-126,-9
2026-01-30T12:56:28.508054875Z,2026-01-30T13:56:28.508054875Z,2026-01-30T13:46:46.503675Z,device_uplink_frame_log,0001000000000002,1769780806503-0,ConfirmedDataUp,LoRaWANR1,"(44, 228, 229, 26)",1,02000000,142,False,True,False,False,0,False,[],6733936abe,0,0,0,Kx3tKw==,CRC_OK,0001000000000001,0.0,72.0,48.86683,2.35672,UNKNOWN,2026-01-30T13:46:46.297769115Z,0,1761,868100000,125000,CR_4_5,False,False,0,7,-125,-7.8
2026-01-30T12:56:28.508054875Z,2026-01-30T13:56:28.508054875Z,2026-01-30T13:46:51.497815Z,device_uplink_frame_log,0001000000000002,1769780811498-0,ConfirmedDataUp,LoRaWANR1,"(187, 15, 210, 108)",1,02000000,143,False,True,False,False,0,False,[],8f87c6817a,0,0,0,K2o4aw==,CRC_OK,0001000000000001,0.0,72.0,48.86683,2.35672,UNKNOWN,2026-01-30T13:46:51.292791852Z,0,30500,867500000,125000,CR_4_5,False,False,0,7,-118,-0.8
2026-01-30T12:56:28.508054875Z,2026-01-30T13:56:28.508054875Z,2026-01-30T13:46:56.502161Z,device_uplink_frame_log,0001000000000002,1769780816502-0,ConfirmedDataUp,LoRaWANR1,"(108, 94, 187, 219)",1,02000000,144,False,True,False,False,0,False,[],c4fb01ca2e,0,0,0,K7aDqw==,CRC_OK,0001000000000001,0.0,72.0,48.86683,2.35672,UNKNOWN,2026-01-30T13:46:56.297876631Z,0,49587,868100000,125000,CR_4_5,False,False,0,7,-117,0.1
2026-01-30T12:56:28.508054875Z,2026-01-30T13:56:28.508054875Z,2026-01-30T13:47:06.499326Z,device_uplink_frame_log,0001000000000002,1769780826499-0,ConfirmedDataUp,LoRaWANR1,"(92, 128, 201, 248)",1,02000000,146,False,True,False,False,0,False,[],cd96300c17,0,0,0,LE8aKw==,CRC_OK,0001000000000001,0.0,72.0,48.86683,2.35672,UNKNOWN,2026-01-30T13:47:06.292969032Z,0,44729,868100000,125000,CR_4_5,False,False,0,7,-117,-0.1
2026-01-30T12:56:28.508054875Z,2026-01-30T13:56:28.508054875Z,2026-01-30T13:47:11.505941Z,device_uplink_frame_log,0001000000000002,1769780831506-0,ConfirmedDataUp,LoRaWANR1,"(214, 207, 127, 207)",1,02000000,147,False,True,False,False,0,False,[],faedbd8f27,0,0,0,LJtlaw==,CRC_OK,0001000000000001,0.0,72.0,48.86683,2.35672,UNKNOWN,2026-01-30T13:47:11.297863377Z,0,9323,867500000,125000,CR_4_5,False,False,0,7,-118,-1.2
2026-01-30T12:56:28.508054875Z,2026-01-30T13:56:28.508054875Z,2026-01-30T13:47:16.503838Z,device_uplink_frame_log,0001000000000002,1769780836504-0,ConfirmedDataUp,LoRaWANR1,"(201, 141, 239, 128)",1,02000000,148,False,True,False,False,0,False,[],ca3ff0aa13,0,0,0,LOewqw==,CRC_OK,0001000000000001,0.0,72.0,48.86683,2.35672,UNKNOWN,2026-01-30T13:47:16.297774538Z,0,37056,868100000,125000,CR_4_5,False,False,0,7,-124,-7.1
2026-01-30T12:56:28.508054875Z,2026-01-30T13:56:28.508054875Z,2026-01-30T13:47:21.499293Z,device_uplink_frame_log,0001000000000002,1769780841499-0,ConfirmedDataUp,LoRaWANR1,"(239, 218, 135, 160)",1,02000000,149,False,True,False,False,0,False,[],9eb4faeeb2,0,0,0,LTP76w==,CRC_OK,0001000000000001,0.0,72.0,48.86683,2.35672,UNKNOWN,2026-01-30T13:47:21.293076011Z,0,41836,867900000,125000,CR_4_5,False,False,0,7,-125,-8.3
2026-01-30T12:56:28.508054875Z,2026-01-30T13:56:28.508054875Z,2026-01-30T13:47:26.503698Z,device_uplink_frame_log,0001000000000002,1769780846503-0,ConfirmedDataUp,LoRaWANR1,"(5, 87, 227, 56)",1,02000000,150,False,True,False,False,0,False,[],5a35e56d5e,0,0,0,LYBHKw==,CRC_OK,0001000000000001,0.0,72.0,48.86683,2.35672,UNKNOWN,2026-01-30T13:47:26.298125348Z,0,55352,868100000,125000,CR_4_5,False,False,0,7,-124,-7.2
2026-01-30T12:56:28.508054875Z,2026-01-30T13:56:28.508054875Z,2026-01-30T13:47:31.499109Z,device_uplink_frame_log,0001000000000002,1769780851499-0,ConfirmedDataUp,LoRaWANR1,"(207, 170, 20, 136)",1,02000000,151,False,True,False,False,0,False,[],4a3842d66e,0,0,0,LcySaw==,CRC_OK,0001000000000001,0.0,72.0,48.86683,2.35672,UNKNOWN,2026-01-30T13:47:31.293273782Z,0,37397,867500000,125000,CR_4_5,False,False,0,7,-120,-3.5
2026-01-30T12:56:28.508054875Z,2026-01-30T13:56:28.508054875Z,2026-01-30T13:47:36.509505Z,device_uplink_frame_log,0001000000000002,1769780856509-0,ConfirmedDataUp,LoRaWANR1,"(171, 96, 151, 163)",1,02000000,152,False,True,False,False,0,False,[],5a19eba581,0,0,0,Lhjdqw==,CRC_OK,0001000000000001,0.0,72.0,48.86683,2.35672,UNKNOWN,2026-01-30T13:47:36.298400882Z,0,50824,868100000,125000,CR_4_5,False,False,0,7,-118,-1.4
2026-01-30T12:56:28.508054875Z,2026-01-30T13:56:28.508054875Z,2026-01-30T13:47:41.498253Z,device_uplink_frame_log,0001000000000002,1769780861498-0,ConfirmedDataUp,LoRaWANR1,"(192, 68, 60, 107)",1,02000000,153,False,True,False,False,0,False,[],4b894df799,0,0,0,LmUo6w==,CRC_OK,0001000000000001,0.0,72.0,48.86683,2.35672,UNKNOWN,2026-01-30T13:47:41.293694251Z,0,38506,867500000,125000,CR_4_5,False,False,0,7,-117,-0.2
2026-01-30T12:56:28.508054875Z,2026-01-30T13:56:28.508054875Z,2026-01-30T13:47:46.499825Z,device_uplink_frame_log,0001000000000002,1769780866500-0,ConfirmedDataUp,LoRaWANR1,"(75, 11, 11, 181)",1,02000000,154,False,True,False,False,0,False,[],ed0ef654b2,0,0,0,LrF0Kw==,CRC_OK,0001000000000001,0.0,72.0,48.86683,2.35672,UNKNOWN,2026-01-30T13:47:46.293861222Z,0,54964,868100000,125000,CR_4_5,False,False,0,7,-118,-1.4
2026-01-30T12:56:28.508054875Z,2026-01-30T13:56:28.508054875Z,2026-01-30T13:47:51.505017Z,device_uplink_frame_log,0001000000000002,1769780871505-0,ConfirmedDataUp,LoRaWANR1,"(53, 169, 149, 126)",1,02000000,155,False,True,False,False,0,False,[],12bbef859e,0,0,0,Lv2/aw==,CRC_OK,0001000000000001,0.0,72.0,48.86683,2.35672,UNKNOWN,2026-01-30T13:47:51.298796174Z,0,49984,867500000,125000,CR_4_5,False,False,0,7,-124,-7.3
2026-01-30T12:56:28.508054875Z,2026-01-30T13:56:28.508054875Z,2026-01-30T13:47:56.504195Z,device_uplink_frame_log,0001000000000002,1769780876504-0,ConfirmedDataUp,LoRaWANR1,"(189, 54, 56, 181)",1,02000000,156,False,True,False,False,0,False,[],2f8438bfab,0,0,0,L0oKqw==,CRC_OK,0001000000000001,0.0,72.0,48.86683,2.35672,UNKNOWN,2026-01-30T13:47:56.293786635Z,0,38213,868100000,125000,CR_4_5,False,False,0,7,-122,-4.7
2026-01-30T12:56:28.508054875Z,2026-01-30T13:56:28.508054875Z,2026-01-30T13:48:06.505485Z,device_uplink_frame_log,0001000000000002,1769780886505-0,ConfirmedDataUp,LoRaWANR1,"(183, 52, 180, 240)",1,02000000,158,False,True,False,False,0,False,[],bea5076d3b,0,0,0,L+KhKw==,CRC_OK,0001000000000001,0.0,72.0,48.86683,2.35672,UNKNOWN,2026-01-30T13:48:06.298952655Z,0,57107,868100000,125000,CR_4_5,False,False,0,7,-125,-7.8
2026-01-30T12:56:28.508054875Z,2026-01-30T13:56:28.508054875Z,2026-01-30T13:48:11.510788Z,device_uplink_frame_log,0001000000000002,1769780891510-0,ConfirmedDataUp,LoRaWANR1,"(178, 87, 102, 57)",1,02000000,159,False,True,False,False,2,False,"[{'LinkADRAns': {'ch_mask_ack': True, 'dr_ack': True, 'tx_power_ack': True}}]",0a6f04e5e9,0,0,0,MC8Aaw==,CRC_OK,0001000000000001,0.0,72.0,48.86683,2.35672,UNKNOWN,2026-01-30T13:48:11.303946746Z,0,7263,867900000,125000,CR_4_5,False,False,0,7,-119,-2.4
2026-01-30T12:56:28.508054875Z,2026-01-30T13:56:28.508054875Z,2026-01-30T13:48:16.509229Z,device_uplink_frame_log,0001000000000002,1769780896509-0,ConfirmedDataUp,LoRaWANR1,"(141, 23, 245, 122)",1,02000000,160,False,True,False,False,2,False,"[{'LinkADRAns': {'ch_mask_ack': True, 'dr_ack': True, 'tx_power_ack': True}}]",7fd3d95955,0,0,0,MHtLqw==,CRC_OK,0001000000000001,0.0,72.0,48.86683,2.35672,UNKNOWN,2026-01-30T13:48:16.304029180Z,0,53615,868100000,125000,CR_4_5,False,False,0,7,-123,-6.4
2026-01-30T12:56:28.508054875Z,2026-01-30T13:56:28.508054875Z,2026-01-30T13:48:26.504848Z,device_uplink_frame_log,0001000000000002,1769780906505-0,ConfirmedDataUp,LoRaWANR1,"(206, 62, 28, 73)",1,02000000,162,False,True,False,False,0,False,[],342e0bba58,0,0,0,MRPOKw==,CRC_OK,0001000000000001,0.0,72.0,48.86683,2.35672,UNKNOWN,2026-01-30T13:48:26.299101002Z,0,14308,868100000,125000,CR_4_5,False,False,0,7,-125,-8.1
2026-01-30T12:56:28.508054875Z,2026-01-30T13:56:28.508054875Z,2026-01-30T13:48:31.500719Z,device_uplink_frame_log,0001000000000002,1769780911501-0,ConfirmedDataUp,LoRaWANR1,"(181, 214, 15, 225)",1,02000000,163,False,True,False,False,0,False,[],cd9fcc8b19,0,0,0,MWAZaw==,CRC_OK,0001000000000001,0.0,72.0,48.86683,2.35672,UNKNOWN,2026-01-30T13:48:31.293914253Z,0,56323,867500000,125000,CR_4_5,False,False,0,7,-124,-6.7
2026-01-30T12:56:28.508054875Z,2026-01-30T13:56:28.508054875Z,2026-01-30T13:48:36.50512Z,device_uplink_frame_log,0001000000000002,1769780916505-0,ConfirmedDataUp,LoRaWANR1,"(109, 137, 248, 68)",1,02000000,164,False,True,False,False,0,False,[],67ad0582e0,0,0,0,Maxkqw==,CRC_OK,0001000000000001,0.0,72.0,48.86683,2.35672,UNKNOWN,2026-01-30T13:48:36.299050800Z,0,34242,868100000,125000,CR_4_5,False,False,0,7,-116,1.2
2026-01-30T12:56:28.508054875Z,2026-01-30T13:56:28.508054875Z,2026-01-30T13:48:41.500593Z,device_uplink_frame_log,0001000000000002,1769780921500-0,ConfirmedDataUp,LoRaWANR1,"(48, 26, 0, 38)",1,02000000,165,False,True,False,False,0,False,[],cd83b7e613,0,0,0,Mfiv6w==,CRC_OK,0001000000000001,0.0,72.0,48.86683,2.35672,UNKNOWN,2026-01-30T13:48:41.294380312Z,0,9749,867500000,125000,CR_4_5,False,False,0,7,-122,-4.8
2026-01-30T12:56:28.508054875Z,2026-01-30T13:56:28.508054875Z,2026-01-30T13:48:46.500241Z,device_uplink_frame_log,0001000000000002,1769780926500-0,ConfirmedDataUp,LoRaWANR1,"(97, 20, 45, 74)",1,02000000,166,False,True,False,False,0,False,[],5276d2ed01,0,0,0,MkT7Kw==,CRC_OK,0001000000000001,0.0,72.0,48.86683,2.35672,UNKNOWN,2026-01-30T13:48:46.294420305Z,0,17891,868100000,125000,CR_4_5,False,False,0,7,-114,2.9
2026-01-30T12:56:28.508054875Z,2026-01-30T13:56:28.508054875Z,2026-01-30T13:48:51.505692Z,device_uplink_frame_log,0001000000000002,1769780931506-0,ConfirmedDataUp,LoRaWANR1,"(215, 21, 175, 98)",1,02000000,167,False,True,False,False,0,False,[],0e458be561,0,0,0,MpFGaw==,CRC_OK,0001000000000001,0.0,72.0,48.86683,2.35672,UNKNOWN,2026-01-30T13:48:51.299419385Z,0,57984,867900000,125000,CR_4_5,False,False,0,7,-125,-8.3
2026-01-30T12:56:28.508054875Z,2026-01-30T13:56:28.508054875Z,2026-01-30T13:48:56.501702Z,device_uplink_frame_log,0001000000000002,1769780936501-0,ConfirmedDataUp,LoRaWANR1,"(226, 68, 191, 226)",1,02000000,168,False,True,False,False,0,False,[],6ce27d14db,0,0,0,Mt2Rqw==,CRC_OK,0001000000000001,0.0,72.0,48.86683,2.35672,UNKNOWN,2026-01-30T13:48:56.294436610Z,0,25487,868100000,125000,CR_4_5,False,False,0,7,-120,-3.1
2026-01-30T12:56:28.508054875Z,2026-01-30T13:56:28.508054875Z,2026-01-30T13:49:01.505337Z,device_uplink_frame_log,0001000000000002,1769780941505-0,ConfirmedDataUp,LoRaWANR1,"(150, 0, 111, 114)",1,02000000,169,False,True,False,False,0,False,[],57425dbe45,0,0,0,Mync6w==,CRC_OK,0001000000000001,0.0,72.0,48.86683,2.35672,UNKNOWN,2026-01-30T13:49:01.299520921Z,0,30348,867900000,125000,CR_4_5,False,False,0,7,-114,3.2
2026-01-30T12:56:28.508054875Z,2026-01-30T13:56:28.508054875Z,2026-01-30T13:49:06.500393Z,device_uplink_frame_log,0001000000000002,1769780946500-0,ConfirmedDataUp,LoRaWANR1,"(131, 114, 173, 223)",1,02000000,170,False,True,False,False,0,False,[],1aa89cd0e3,0,0,0,M3YoKw==,CRC_OK,0001000000000001,0.0,72.0,48.86683,2.35672,UNKNOWN,2026-01-30T13:49:06.294484622Z,0,45871,868100000,125000,CR_4_5,False,False,0,7,-121,-4.3
2026-01-30T12:56:28.508054875Z,2026-01-30T13:56:28.508054875Z,2026-01-30T13:49:11.506599Z,device_uplink_frame_log,0001000000000002,1769780951506-0,ConfirmedDataUp,LoRaWANR1,"(132, 232, 53, 28)",1,02000000,171,False,True,False,False,0,False,[],1e5b8f1af7,0,0,0,M8Jzaw==,CRC_OK,0001000000000001,0.0,72.0,48.86683,2.35672,UNKNOWN,2026-01-30T13:49:11.299488848Z,0,57525,867500000,125000,CR_4_5,False,False,0,7,-126,-8.6
2026-01-30T12:56:28.508054875Z,2026-01-30T13:56:28.508054875Z,2026-01-30T13:49:16.506065Z,device_uplink_frame_log,0001000000000002,1769780956506-0,ConfirmedDataUp,LoRaWANR1,"(217, 240, 33, 205)",1,02000000,172,False,True,False,False,0,False,[],c75584f663,0,0,0,NA6+qw==,CRC_OK,0001000000000001,0.0,72.0,48.86683,2.35672,UNKNOWN,2026-01-30T13:49:16.299674106Z,0,42918,868100000,125000,CR_4_5,False,False,0,7,-120,-3
2026-01-30T12:56:28.508054875Z,2026-01-30T13:56:28.508054875Z,2026-01-30T13:49:21.501052Z,device_uplink_frame_log,0001000000000002,1769780961501-0,ConfirmedDataUp,LoRaWANR1,"(74, 198, 171, 38)",1,02000000,173,False,True,False,False,0,False,[],dd49fa97e5,0,0,0,NFsJ6w==,CRC_OK,0001000000000001,0.0,72.0,48.86683,2.35672,UNKNOWN,2026-01-30T13:49:21.294875057Z,0,27616,867500000,125000,CR_4_5,False,False,0,7,-124,-6.7
2026-01-30T12:56:28.508054875Z,2026-01-30T13:56:28.508054875Z,2026-01-30T13:49:26.507842Z,device_uplink_frame_log,0001000000000002,1769780966508-0,ConfirmedDataUp,LoRaWANR1,"(96, 27, 35, 15)",1,02000000,174,False,True,False,False,0,False,[],bfe791617b,0,0,0,NKdVKw==,CRC_OK,0001000000000001,0.0,72.0,48.86683,2.35672,UNKNOWN,2026-01-30T13:49:26.301113581Z,0,12349,868100000,125000,CR_4_5,False,False,0,7,-116,1.1
2026-01-30T12:56:28.508054875Z,2026-01-30T13:56:28.508054875Z,2026-01-30T13:49:31.50521Z,device_uplink_frame_log,0001000000000002,1769780971505-0,ConfirmedDataUp,LoRaWANR1,"(224, 223, 87, 215)",1,02000000,175,False,True,False,False,0,False,[],fac3358353,0,0,0,NPOgaw==,CRC_OK,0001000000000001,0.0,72.0,48.86683,2.35672,UNKNOWN,2026-01-30T13:49:31.296083980Z,0,33521,867500000,125000,CR_4_5,False,False,0,7,-115,1.6
2026-01-30T12:56:28.508054875Z,2026-01-30T13:56:28.508054875Z,2026-01-30T13:49:36.495619Z,device_uplink_frame_log,0001000000000002,1769780976495-0,ConfirmedDataUp,LoRaWANR1,"(47, 28, 149, 248)",1,02000000,176,False,True,False,False,0,False,[],d698ee3d8a,0,0,0,NT/rqw==,CRC_OK,0001000000000001,0.0,72.0,48.86683,2.35672,UNKNOWN,2026-01-30T13:49:36.291099839Z,0,38507,868100000,125000,CR_4_5,False,False,0,7,-117,-0.1
2026-01-30T12:56:28.508054875Z,2026-01-30T13:56:28.508054875Z,2026-01-30T13:49:51.497625Z,device_uplink_frame_log,0001000000000002,1769780991497-0,ConfirmedDataUp,LoRaWANR1,"(142, 236, 65, 182)",1,02000000,179,False,True,False,False,0,False,[],679deced32,0,0,0,NiTNaw==,CRC_OK,0001000000000001,0.0,72.0,48.86683,2.35672,UNKNOWN,2026-01-30T13:49:51.291407511Z,0,53464,867900000,125000,CR_4_5,False,False,0,7,-121,-3.8
2026-01-30T12:56:28.508054875Z,2026-01-30T13:56:28.508054875Z,2026-01-30T13:49:56.502526Z,device_uplink_frame_log,0001000000000002,1769780996502-0,ConfirmedDataUp,LoRaWANR1,"(13, 64, 195, 173)",1,02000000,180,False,True,False,False,0,False,[],cde4db4ef0,0,0,0,NnEYqw==,CRC_OK,0001000000000001,0.0,72.0,48.86683,2.35672,UNKNOWN,2026-01-30T13:49:56.296458089Z,0,43761,868100000,125000,CR_4_5,False,False,0,7,-123,-5.6
2026-01-30T12:56:28.508054875Z,2026-01-30T13:56:28.508054875Z,2026-01-30T13:50:01.49806Z,device_uplink_frame_log,0001000000000002,1769781001498-0,ConfirmedDataUp,LoRaWANR1,"(184, 83, 208, 4)",1,02000000,181,False,True,False,False,0,False,[],b04728ed89,0,0,0,Nr1j6w==,CRC_OK,0001000000000001,0.0,72.0,48.86683,2.35672,UNKNOWN,2026-01-30T13:50:01.291519416Z,0,32771,867500000,125000,CR_4_5,False,False,0,7,-124,-7.4
2026-01-30T12:56:28.508054875Z,2026-01-30T13:56:28.508054875Z,2026-01-30T13:50:06.505083Z,device_uplink_frame_log,0001000000000002,1769781006505-0,ConfirmedDataUp,LoRaWANR1,"(4, 122, 85, 92)",1,02000000,182,False,True,False,False,0,False,[],8556943021,0,0,0,NwmvKw==,CRC_OK,0001000000000001,0.0,72.0,48.86683,2.35672,UNKNOWN,2026-01-30T13:50:06.296531059Z,0,35249,868100000,125000,CR_4_5,False,False,0,7,-118,-1.4
2026-01-30T12:56:28.508054875Z,2026-01-30T13:56:28.508054875Z,2026-01-30T13:50:11.508509Z,device_uplink_frame_log,0001000000000002,1769781011508-0,ConfirmedDataUp,LoRaWANR1,"(31, 91, 149, 213)",1,02000000,183,False,True,False,False,2,False,"[{'LinkADRAns': {'ch_mask_ack': True, 'dr_ack': True, 'tx_power_ack': True}}]",31e251c8c5,0,0,0,N1YOaw==,CRC_OK,0001000000000001,0.0,72.0,48.86683,2.35672,UNKNOWN,2026-01-30T13:50:11.301694657Z,0,8900,867500000,125000,CR_4_5,False,False,0,7,-124,-7.1
2026-01-30T12:56:28.508054875Z,2026-01-30T13:56:28.508054875Z,2026-01-30T13:50:26.497814Z,device_uplink_frame_log,0001000000000002,1769781026498-0,ConfirmedDataUp,LoRaWANR1,"(20, 191, 179, 207)",1,02000000,186,False,True,False,False,0,False,[],f44a6991fc,0,0,0,ODrcKw==,CRC_OK,0001000000000001,0.0,72.0,48.86683,2.35672,UNKNOWN,2026-01-30T13:50:26.291583039Z,0,13025,868100000,125000,CR_4_5,False,False,0,7,-123,-5.9
2026-01-30T12:56:28.508054875Z,2026-01-30T13:56:28.508054875Z,2026-01-30T13:50:31.502561Z,device_uplink_frame_log,0001000000000002,1769781031502-0,ConfirmedDataUp,LoRaWANR1,"(144, 134, 193, 234)",1,02000000,187,False,True,False,False,2,False,"[{'LinkADRAns': {'ch_mask_ack': True, 'dr_ack': True, 'tx_power_ack': True}}]",95c0ab88c9,0,0,0,OIc7aw==,CRC_OK,0001000000000001,0.0,72.0,48.86683,2.35672,UNKNOWN,2026-01-30T13:50:31.296574322Z,0,53155,867900000,125000,CR_4_5,False,False,0,7,-114,2.8
2026-01-30T12:56:28.508054875Z,2026-01-30T13:56:28.508054875Z,2026-01-30T13:50:46.50325Z,device_uplink_frame_log,0001000000000002,1769781046503-0,ConfirmedDataUp,LoRaWANR1,"(230, 134, 148, 221)",1,02000000,190,False,True,False,False,0,False,[],9d4f47d5bc,0,0,0,OWwJKw==,CRC_OK,0001000000000001,0.0,72.0,48.86683,2.35672,UNKNOWN,2026-01-30T13:50:46.296667383Z,0,36257,868100000,125000,CR_4_5,False,False,0,7,-121,-3.9
2026-01-30T12:56:28.508054875Z,2026-01-30T13:56:28.508054875Z,2026-01-30T13:50:51.496581Z,device_uplink_frame_log,0001000000000002,1769781051496-0,ConfirmedDataUp,LoRaWANR1,"(148, 252, 134, 80)",1,02000000,191,False,True,False,False,0,False,[],4cb0ce601d,0,0,0,ObhUaw==,CRC_OK,0001000000000001,0.0,72.0,48.86683,2.35672,UNKNOWN,2026-01-30T13:50:51.291926601Z,0,31756,867500000,125000,CR_4_5,False,False,0,7,-123,-5.7
2026-01-30T12:56:28.508054875Z,2026-01-30T13:56:28.508054875Z,2026-01-30T13:50:56.502972Z,device_uplink_frame_log,0001000000000002,1769781056503-0,ConfirmedDataUp,LoRaWANR1,"(178, 167, 12, 73)",1,02000000,192,False,True,False,False,0,False,[],0f2b5201fc,0,0,0,OgSfqw==,CRC_OK,0001000000000001,0.0,72.0,48.86683,2.35672,UNKNOWN,2026-01-30T13:50:56.297046613Z,0,10198,868100000,125000,CR_4_5,False,False,0,7,-118,-0.9
2026-01-30T12:56:28.508054875Z,2026-01-30T13:56:28.508054875Z,2026-01-30T13:51:06.499676Z,device_uplink_frame_log,0001000000000002,1769781066499-0,ConfirmedDataUp,LoRaWANR1,"(174, 138, 3, 214)",1,02000000,194,False,True,False,False,0,False,[],59f2070e83,0,0,0,Op02Kw==,CRC_OK,0001000000000001,0.0,72.0,48.86683,2.35672,UNKNOWN,2026-01-30T13:51:06.291991849Z,0,43528,868100000,125000,CR_4_5,False,False,0,7,-125,-8.5
2026-01-30T12:56:28.508054875Z,2026-01-30T13:56:28.508054875Z,2026-01-30T13:51:11.502836Z,device_uplink_frame_log,0001000000000002,1769781071503-0,ConfirmedDataUp,LoRaWANR1,"(4, 173, 104, 149)",1,02000000,195,False,True,False,False,0,False,[],9b066da050,0,0,0,OumBaw==,CRC_OK,0001000000000001,0.0,72.0,48.86683,2.35672,UNKNOWN,2026-01-30T13:51:11.297046565Z,0,18345,867900000,125000,CR_4_5,False,False,0,7,-115,1.8
2026-01-30T12:56:28.508054875Z,2026-01-30T13:56:28.508054875Z,2026-01-30T13:51:16.502663Z,device_uplink_frame_log,0001000000000002,1769781076503-0,ConfirmedDataUp,LoRaWANR1,"(112, 107, 18, 159)",1,02000000,196,False,True,False,False,0,False,[],f14c994a7b,0,0,0,OzXMqw==,CRC_OK,0001000000000001,0.0,72.0,48.86683,2.35672,UNKNOWN,2026-01-30T13:51:16.297175216Z,0,7560,868100000,125000,CR_4_5,False,False,0,7,-114,3.4
2026-01-30T12:56:28.508054875Z,2026-01-30T13:56:28.508054875Z,2026-01-30T13:51:26.498253Z,device_uplink_frame_log,0001000000000002,1769781086498-0,ConfirmedDataUp,LoRaWANR1,"(25, 214, 173, 101)",1,02000000,198,False,True,False,False,0,False,[],185cbacb27,0,0,0,O85jKw==,CRC_OK,0001000000000001,0.0,72.0,48.86683,2.35672,UNKNOWN,2026-01-30T13:51:26.292145581Z,0,10689,868100000,125000,CR_4_5,False,False,0,7,-120,-3.1
2026-01-30T12:56:28.508054875Z,2026-01-30T13:56:28.508054875Z,2026-01-30T13:51:31.5022Z,device_uplink_frame_log,0001000000000002,1769781091502-0,ConfirmedDataUp,LoRaWANR1,"(196, 149, 79, 41)",1,02000000,199,False,True,False,False,0,False,[],fff99a4f9d,0,0,0,PBquaw==,CRC_OK,0001000000000001,0.0,72.0,48.86683,2.35672,UNKNOWN,2026-01-30T13:51:31.297089595Z,0,2499,867500000,125000,CR_4_5,False,False,0,7,-126,-9.4
2026-01-30T12:56:28.508054875Z,2026-01-30T13:56:28.508054875Z,2026-01-30T13:51:36.498204Z,device_uplink_frame_log,0001000000000002,1769781096498-0,ConfirmedDataUp,LoRaWANR1,"(164, 182, 245, 154)",1,02000000,200,False,True,False,False,0,False,[],01f5a2373c,0,0,0,PGb5qw==,CRC_OK,0001000000000001,0.0,72.0,48.86683,2.35672,UNKNOWN,2026-01-30T13:51:36.292121906Z,0,24089,868100000,125000,CR_4_5,False,False,0,7,-120,-3.5
2026-01-30T12:56:28.508054875Z,2026-01-30T13:56:28.508054875Z,2026-01-30T13:51:41.503112Z,device_uplink_frame_log,0001000000000002,1769781101503-0,ConfirmedDataUp,LoRaWANR1,"(86, 253, 31, 249)",1,02000000,201,False,True,False,False,0,False,[],63482d2ea5,0,0,0,PLNE6w==,CRC_OK,0001000000000001,0.0,72.0,48.86683,2.35672,UNKNOWN,2026-01-30T13:51:41.297173743Z,0,59907,867900000,125000,CR_4_5,False,False,0,7,-117,0
2026-01-30T12:56:28.508054875Z,2026-01-30T13:56:28.508054875Z,2026-01-30T13:51:46.502162Z,device_uplink_frame_log,0001000000000002,1769781106502-0,ConfirmedDataUp,LoRaWANR1,"(170, 245, 23, 168)",1,02000000,202,False,True,False,False,0,False,[],4b411b69d7,0,0,0,PP+QKw==,CRC_OK,0001000000000001,0.0,72.0,48.86683,2.35672,UNKNOWN,2026-01-30T13:51:46.297254287Z,0,2279,868100000,125000,CR_4_5,False,False,0,7,-112,5
2026-01-30T12:56:28.508054875Z,2026-01-30T13:56:28.508054875Z,2026-01-30T13:51:51.49681Z,device_uplink_frame_log,0001000000000002,1769781111497-0,ConfirmedDataUp,LoRaWANR1,"(24, 97, 180, 161)",1,02000000,203,False,True,False,False,0,False,[],27a258389f,0,0,0,PUvbaw==,CRC_OK,0001000000000001,0.0,72.0,48.86683,2.35672,UNKNOWN,2026-01-30T13:51:51.292320381Z,0,36458,867500000,125000,CR_4_5,False,False,0,7,-122,-5.3
2026-01-30T12:56:28.508054875Z,2026-01-30T13:56:28.508054875Z,2026-01-30T13:52:01.503165Z,device_uplink_frame_log,0001000000000002,1769781121503-0,ConfirmedDataUp,LoRaWANR1,"(111, 250, 252, 175)",1,02000000,205,False,True,False,False,0,False,[],c317795fea,0,0,0,PeRx6w==,CRC_OK,0001000000000001,0.0,72.0,48.86683,2.35672,UNKNOWN,2026-01-30T13:52:01.297437867Z,0,42855,867900000,125000,CR_4_5,False,False,0,7,-120,-3.4
2026-01-30T12:56:28.508054875Z,2026-01-30T13:56:28.508054875Z,2026-01-30T13:52:06.498678Z,device_uplink_frame_log,0001000000000002,1769781126498-0,ConfirmedDataUp,LoRaWANR1,"(3, 129, 197, 168)",1,02000000,206,False,True,False,False,0,False,[],7bf4cca725,0,0,0,PjC9Kw==,CRC_OK,0001000000000001,0.0,72.0,48.86683,2.35672,UNKNOWN,2026-01-30T13:52:06.292196881Z,0,48128,868100000,125000,CR_4_5,False,False,0,7,-121,-4.4
2026-01-30T12:56:28.508054875Z,2026-01-30T13:56:28.508054875Z,2026-01-30T13:52:16.499485Z,device_uplink_frame_log,0001000000000002,1769781136499-0,ConfirmedDataUp,LoRaWANR1,"(177, 55, 25, 224)",1,02000000,208,False,True,False,False,0,False,[],5f02f961a9,0,0,0,PslTqw==,CRC_OK,0001000000000001,0.0,72.0,48.86683,2.35672,UNKNOWN,2026-01-30T13:52:16.292294443Z,0,21524,868100000,125000,CR_4_5,False,False,0,7,-120,-2.5
2026-01-30T12:56:28.508054875Z,2026-01-30T13:56:28.508054875Z,2026-01-30T13:52:26.504254Z,device_uplink_frame_log,0001000000000002,1769781146504-0,ConfirmedDataUp,LoRaWANR1,"(252, 87, 47, 20)",1,02000000,210,False,True,False,False,0,False,[],9333f79461,0,0,0,P2HqKw==,CRC_OK,0001000000000001,0.0,72.0,48.86683,2.35672,UNKNOWN,2026-01-30T13:52:26.297289788Z,0,44537,868100000,125000,CR_4_5,False,False,0,7,-124,-7.3
2026-01-30T12:56:28.508054875Z,2026-01-30T13:56:28.508054875Z,2026-01-30T13:52:31.498565Z,device_uplink_frame_log,0001000000000002,1769781151499-0,ConfirmedDataUp,LoRaWANR1,"(236, 219, 127, 189)",1,02000000,211,False,True,False,False,0,False,[],dac792bb98,0,0,0,P641aw==,CRC_OK,0001000000000001,0.0,72.0,48.86683,2.35672,UNKNOWN,2026-01-30T13:52:31.292362183Z,0,31061,867900000,125000,CR_4_5,False,False,0,7,-121,-4.3
2026-01-30T12:56:28.508054875Z,2026-01-30T13:56:28.508054875Z,2026-01-30T13:52:36.503373Z,device_uplink_frame_log,0001000000000002,1769781156503-0,ConfirmedDataUp,LoRaWANR1,"(36, 238, 248, 209)",1,02000000,212,False,True,False,False,0,False,[],ebf4cb8409,0,0,0,P/qAqw==,CRC_OK,0001000000000001,0.0,72.0,48.86683,2.35672,UNKNOWN,2026-01-30T13:52:36.297415681Z,0,49922,868100000,125000,CR_4_5,False,False,0,7,-112,5
2026-01-30T12:56:28.508054875Z,2026-01-30T13:56:28.508054875Z,2026-01-30T13:52:41.498032Z,device_uplink_frame_log,0001000000000002,1769781161498-0,ConfirmedDataUp,LoRaWANR1,"(40, 164, 96, 150)",1,02000000,213,False,True,False,False,0,False,[],4ad6a03197,0,0,0,QEbL6w==,CRC_OK,0001000000000001,0.0,72.0,48.86683,2.35672,UNKNOWN,2026-01-30T13:52:41.292440787Z,0,54466,867500000,125000,CR_4_5,False,False,0,7,-123,-6
2026-01-30T12:56:28.508054875Z,2026-01-30T13:56:28.508054875Z,2026-01-30T13:52:46.507876Z,device_uplink_frame_log,0001000000000002,1769781166508-0,ConfirmedDataUp,LoRaWANR1,"(191, 99, 237, 59)",1,02000000,214,False,True,False,False,2,False,"[{'LinkADRAns': {'ch_mask_ack': True, 'dr_ack': True, 'tx_power_ack': True}}]",ac2699dc08,0,0,0,QJMrKw==,CRC_OK,0001000000000001,0.0,72.0,48.86683,2.35672,UNKNOWN,2026-01-30T13:52:46.302327811Z,0,4200,868100000,125000,CR_4_5,False,False,0,7,-122,-5.2
2026-01-30T12:56:28.508054875Z,2026-01-30T13:56:28.508054875Z,2026-01-30T13:52:56.502222Z,device_uplink_frame_log,0001000000000002,1769781176502-0,ConfirmedDataUp,LoRaWANR1,"(174, 59, 182, 245)",1,02000000,216,False,True,False,False,0,False,[],e2b98e2f16,0,0,0,QSutqw==,CRC_OK,0001000000000001,0.0,72.0,48.86683,2.35672,UNKNOWN,2026-01-30T13:52:56.297399201Z,0,30200,868100000,125000,CR_4_5,False,False,0,7,-119,-1.6
2026-01-30T12:56:28.508054875Z,2026-01-30T13:56:28.508054875Z,2026-01-30T13:53:06.506408Z,device_uplink_frame_log,0001000000000002,1769781186506-0,ConfirmedDataUp,LoRaWANR1,"(45, 85, 142, 126)",1,02000000,218,False,True,False,False,0,False,[],085c37bee9,0,0,0,QcREKw==,CRC_OK,0001000000000001,0.0,72.0,48.86683,2.35672,UNKNOWN,2026-01-30T13:53:06.292399853Z,0,11360,868100000,125000,CR_4_5,False,False,0,7,-123,-6.5
2026-01-30T12:56:28.508054875Z,2026-01-30T13:56:28.508054875Z,2026-01-30T13:53:11.503638Z,device_uplink_frame_log,0001000000000002,1769781191504-0,ConfirmedDataUp,LoRaWANR1,"(113, 133, 97, 116)",1,02000000,219,False,True,False,False,2,False,"[{'LinkADRAns': {'ch_mask_ack': True, 'dr_ack': True, 'tx_power_ack': True}}]",16cf0b9010,0,0,0,QhCjaw==,CRC_OK,0001000000000001,0.0,72.0,48.86683,2.35672,UNKNOWN,2026-01-30T13:53:11.297396758Z,0,30595,867900000,125000,CR_4_5,False,False,0,7,-123,-6.2
2026-01-30T12:56:28.508054875Z,2026-01-30T13:56:28.508054875Z,2026-01-30T13:53:16.504199Z,device_uplink_frame_log,0001000000000002,1769781196504-0,ConfirmedDataUp,LoRaWANR1,"(212, 190, 198, 236)",1,02000000,220,False,True,False,False,2,False,"[{'LinkADRAns': {'ch_mask_ack': True, 'dr_ack': True, 'tx_power_ack': True}}]",d7be5509cd,0,0,0,Qlzuqw==,CRC_OK,0001000000000001,0.0,72.0,48.86683,2.35672,UNKNOWN,2026-01-30T13:53:16.297517525Z,0,23948,868100000,125000,CR_4_5,False,False,0,7,-120,-3.1
2026-01-30T12:56:28.508054875Z,2026-01-30T13:56:28.508054875Z,2026-01-30T13:53:21.498415Z,device_uplink_frame_log,0001000000000002,1769781201498-0,ConfirmedDataUp,LoRaWANR1,"(24, 65, 73, 244)",1,02000000,221,False,True,False,False,0,False,[],259706ed41,0,0,0,Qqkl6w==,CRC_OK,0001000000000001,0.0,72.0,48.86683,2.35672,UNKNOWN,2026-01-30T13:53:21.292577483Z,0,23329,867900000,125000,CR_4_5,False,False,0,7,-118,-1.2
2026-01-30T12:56:28.508054875Z,2026-01-30T13:56:28.508054875Z,2026-01-30T13:53:26.503462Z,device_uplink_frame_log,0001000000000002,1769781206503-0,ConfirmedDataUp,LoRaWANR1,"(246, 93, 35, 138)",1,02000000,222,False,True,False,False,0,False,[],c1516d1f56,0,0,0,QvVxKw==,CRC_OK,0001000000000001,0.0,72.0,48.86683,2.35672,UNKNOWN,2026-01-30T13:53:26.297517165Z,0,1498,868100000,125000,CR_4_5,False,False,0,7,-120,-3.3
2026-01-30T12:56:28.508054875Z,2026-01-30T13:56:28.508054875Z,2026-01-30T13:53:31.498688Z,device_uplink_frame_log,0001000000000002,1769781211498-0,ConfirmedDataUp,LoRaWANR1,"(124, 53, 234, 190)",1,02000000,223,False,True,False,False,0,False,[],40480f80b5,0,0,0,Q0G8aw==,CRC_OK,0001000000000001,0.0,72.0,48.86683,2.35672,UNKNOWN,2026-01-30T13:53:31.292679550Z,0,920,867500000,125000,CR_4_5,False,False,0,7,-119,-2.3
2026-01-30T12:56:28.508054875Z,2026-01-30T13:56:28.508054875Z,2026-01-30T13:53:36.503516Z,device_uplink_frame_log,0001000000000002,1769781216503-0,ConfirmedDataUp,LoRaWANR1,"(219, 146, 115, 82)",1,02000000,224,False,True,False,False,0,False,[],3f8a4d6a79,0,0,0,Q44Hqw==,CRC_OK,0001000000000001,0.0,72.0,48.86683,2.35672,UNKNOWN,2026-01-30T13:53:36.297739900Z,0,9552,868100000,125000,CR_4_5,False,False,0,7,-114,2.9
2026-01-30T12:56:28.508054875Z,2026-01-30T13:56:28.508054875Z,2026-01-30T13:53:46.504437Z,device_uplink_frame_log,0001000000000002,1769781226504-0,ConfirmedDataUp,LoRaWANR1,"(70, 89, 12, 76)",1,02000000,226,False,True,False,False,0,False,[],b147c6f3fb,0,0,0,RCaeKw==,CRC_OK,0001000000000001,0.0,72.0,48.86683,2.35672,UNKNOWN,2026-01-30T13:53:46.297762784Z,0,44517,868100000,125000,CR_4_5,False,False,0,7,-125,-7.7
2026-01-30T12:56:28.508054875Z,2026-01-30T13:56:28.508054875Z,2026-01-30T13:53:56.500066Z,device_uplink_frame_log,0001000000000002,1769781236500-0,ConfirmedDataUp,LoRaWANR1,"(249, 97, 192, 48)",1,02000000,228,False,True,False,False,0,False,[],753cad58c3,0,0,0,RL80qw==,CRC_OK,0001000000000001,0.0,72.0,48.86683,2.35672,UNKNOWN,2026-01-30T13:53:56.292794490Z,0,45420,868100000,125000,CR_4_5,False,False,0,7,-116,1
2026-01-30T12:56:28.508054875Z,2026-01-30T13:56:28.508054875Z,2026-01-30T13:54:01.51408Z,device_uplink_frame_log,0001000000000002,1769781241514-0,ConfirmedDataUp,LoRaWANR1,"(144, 183, 253, 205)",1,02000000,229,False,True,False,False,0,False,[],85f7c2bd09,0,0,0,RQt/6w==,CRC_OK,0001000000000001,0.0,72.0,48.86683,2.35672,UNKNOWN,2026-01-30T13:54:01.297787586Z,0,64087,867500000,125000,CR_4_5,False,False,0,7,-124,-7.4
2026-01-30T12:56:28.508054875Z,2026-01-30T13:56:28.508054875Z,2026-01-30T13:54:06.49923Z,device_uplink_frame_log,0001000000000002,1769781246499-0,ConfirmedDataUp,LoRaWANR1,"(165, 228, 185, 107)",1,02000000,230,False,True,False,False,0,False,[],b97ff4e989,0,0,0,RVfLKw==,CRC_OK,0001000000000001,0.0,72.0,48.86683,2.35672,UNKNOWN,2026-01-30T13:54:06.293034889Z,0,56771,868100000,125000,CR_4_5,False,False,0,7,-117,-0.1
2026-01-30T12:56:28.508054875Z,2026-01-30T13:56:28.508054875Z,2026-01-30T13:54:11.504548Z,device_uplink_frame_log,0001000000000002,1769781251504-0,ConfirmedDataUp,LoRaWANR1,"(170, 56, 96, 115)",1,02000000,231,False,True,False,False,0,False,[],d4277c9b02,0,0,0,RaQWaw==,CRC_OK,0001000000000001,0.0,72.0,48.86683,2.35672,UNKNOWN,2026-01-30T13:54:11.297950689Z,0,50017,867900000,125000,CR_4_5,False,False,0,7,-124,-6.5
2026-01-30T12:56:28.508054875Z,2026-01-30T13:56:28.508054875Z,2026-01-30T13:54:16.503721Z,device_uplink_frame_log,0001000000000002,1769781256503-0,ConfirmedDataUp,LoRaWANR1,"(79, 150, 111, 148)",1,02000000,232,False,True,False,False,0,False,[],cbe065e9ab,0,0,0,RfBhqw==,CRC_OK,0001000000000001,0.0,72.0,48.86683,2.35672,UNKNOWN,2026-01-30T13:54:16.298036055Z,0,55411,868100000,125000,CR_4_5,False,False,0,7,-122,-5
2026-01-30T12:56:28.508054875Z,2026-01-30T13:56:28.508054875Z,2026-01-30T13:54:21.498622Z,device_uplink_frame_log,0001000000000002,1769781261498-0,ConfirmedDataUp,LoRaWANR1,"(89, 80, 205, 34)",1,02000000,233,False,True,False,False,0,False,[],ecdf8ab28e,0,0,0,Rjys6w==,CRC_OK,0001000000000001,0.0,72.0,48.86683,2.35672,UNKNOWN,2026-01-30T13:54:21.293007198Z,0,11491,867500000,125000,CR_4_5,False,False,0,7,-125,-7.8
2026-01-30T12:56:28.508054875Z,2026-01-30T13:56:28.508054875Z,2026-01-30T13:54:26.504226Z,device_uplink_frame_log,0001000000000002,1769781266504-0,ConfirmedDataUp,LoRaWANR1,"(240, 140, 134, 145)",1,02000000,234,False,True,False,False,0,False,[],c5f56eba43,0,0,0,Roj4Kw==,CRC_OK,0001000000000001,0.0,72.0,48.86683,2.35672,UNKNOWN,2026-01-30T13:54:26.298026998Z,0,50181,868100000,125000,CR_4_5,False,False,0,7,-119,-1.7
2026-01-30T12:56:28.508054875Z,2026-01-30T13:56:28.508054875Z,2026-01-30T13:54:31.501756Z,device_uplink_frame_log,0001000000000002,1769781271502-0,ConfirmedDataUp,LoRaWANR1,"(65, 212, 191, 230)",1,02000000,235,False,True,False,False,0,False,[],1258dd5499,0,0,0,RtVDaw==,CRC_OK,0001000000000001,0.0,72.0,48.86683,2.35672,UNKNOWN,2026-01-30T13:54:31.292948644Z,0,57192,867900000,125000,CR_4_5,False,False,0,7,-116,0.6
2026-01-30T12:56:28.508054875Z,2026-01-30T13:56:28.508054875Z,2026-01-30T13:54:36.504121Z,device_uplink_frame_log,0001000000000002,1769781276504-0,ConfirmedDataUp,LoRaWANR1,"(120, 242, 13, 230)",1,02000000,236,False,True,False,False,0,False,[],b4f1f97464,0,0,0,RyGOqw==,CRC_OK,0001000000000001,0.0,72.0,48.86683,2.35672,UNKNOWN,2026-01-30T13:54:36.298258862Z,0,35275,868100000,125000,CR_4_5,False,False,0,7,-113,4.5
2026-01-30T12:56:28.508054875Z,2026-01-30T13:56:28.508054875Z,2026-01-30T13:54:41.500418Z,device_uplink_frame_log,0001000000000002,1769781281500-0,ConfirmedDataUp,LoRaWANR1,"(17, 203, 165, 145)",1,02000000,237,False,True,False,False,0,False,[],c1bed896b9,0,0,0,R23Z6w==,CRC_OK,0001000000000001,0.0,72.0,48.86683,2.35672,UNKNOWN,2026-01-30T13:54:41.293972086Z,0,12236,867500000,125000,CR_4_5,False,False,0,7,-123,-5.8
2026-01-30T12:56:28.508054875Z,2026-01-30T13:56:28.508054875Z,2026-01-30T13:54:46.499607Z,device_uplink_frame_log,0001000000000002,1769781286499-0,ConfirmedDataUp,LoRaWANR1,"(145, 134, 136, 6)",1,02000000,238,False,True,False,False,0,False,[],e9013e9ec5,0,0,0,R7olKw==,CRC_OK,0001000000000001,0.0,72.0,48.86683,2.35672,UNKNOWN,2026-01-30T13:54:46.293746849Z,0,56935,868100000,125000,CR_4_5,False,False,0,7,-116,1.4
2026-01-30T12:56:28.508054875Z,2026-01-30T13:56:28.508054875Z,2026-01-30T13:54:51.50492Z,device_uplink_frame_log,0001000000000002,1769781291505-0,ConfirmedDataUp,LoRaWANR1,"(63, 255, 247, 171)",1,02000000,239,False,True,False,False,0,False,[],5e171335f6,0,0,0,SAZwaw==,CRC_OK,0001000000000001,0.0,72.0,48.86683,2.35672,UNKNOWN,2026-01-30T13:54:51.298749911Z,0,47020,867500000,125000,CR_4_5,False,False,0,7,-121,-3.5
2026-01-30T12:56:28.508054875Z,2026-01-30T13:56:28.508054875Z,2026-01-30T13:54:56.499836Z,device_uplink_frame_log,0001000000000002,1769781296500-0,ConfirmedDataUp,LoRaWANR1,"(176, 27, 90, 101)",1,02000000,240,False,True,False,False,0,False,[],e2ed7a6d0b,0,0,0,SFK7qw==,CRC_OK,0001000000000001,0.0,72.0,48.86683,2.35672,UNKNOWN,2026-01-30T13:54:56.293869901Z,0,41826,868100000,125000,CR_4_5,False,False,0,7,-126,-9.4
2026-01-30T12:56:28.508054875Z,2026-01-30T13:56:28.508054875Z,2026-01-30T13:55:06.503216Z,device_uplink_frame_log,0001000000000002,1769781306503-0,ConfirmedDataUp,LoRaWANR1,"(191, 255, 194, 239)",1,02000000,242,False,True,False,False,0,False,[],9198d0dc2e,0,0,0,SOtSKw==,CRC_OK,0001000000000001,0.0,72.0,48.86683,2.35672,UNKNOWN,2026-01-30T13:55:06.298932623Z,0,14482,868100000,125000,CR_4_5,False,False,0,7,-118,-0.8
2026-01-30T12:56:28.508054875Z,2026-01-30T13:56:28.508054875Z,2026-01-30T13:55:11.509856Z,device_uplink_frame_log,0001000000000002,1769781311510-0,ConfirmedDataUp,LoRaWANR1,"(209, 149, 2, 55)",1,02000000,243,False,True,False,False,2,False,"[{'LinkADRAns': {'ch_mask_ack': True, 'dr_ack': True, 'tx_power_ack': True}}]",934ef07f39,0,0,0,STexaw==,CRC_OK,0001000000000001,0.0,72.0,48.86683,2.35672,UNKNOWN,2026-01-30T13:55:11.303813683Z,0,14710,867500000,125000,CR_4_5,False,False,0,7,-120,-3.3
2026-01-30T12:56:28.508054875Z,2026-01-30T13:56:28.508054875Z,2026-01-30T13:55:16.509909Z,device_uplink_frame_log,0001000000000002,1769781316510-0,ConfirmedDataUp,LoRaWANR1,"(136, 42, 130, 66)",1,02000000,244,False,True,False,False,2,False,"[{'LinkADRAns': {'ch_mask_ack': True, 'dr_ack': True, 'tx_power_ack': True}}]",71182eb54f,0,0,0,SYP8qw==,CRC_OK,0001000000000001,0.0,72.0,48.86683,2.35672,UNKNOWN,2026-01-30T13:55:16.303803322Z,0,14752,868100000,125000,CR_4_5,False,False,0,7,-122,-4.6
2026-01-30T12:56:28.508054875Z,2026-01-30T13:56:28.508054875Z,2026-01-30T13:55:21.504967Z,device_uplink_frame_log,0001000000000002,1769781321505-0,ConfirmedDataUp,LoRaWANR1,"(180, 60, 171, 92)",1,02000000,245,False,True,False,False,0,False,[],21eabe49de,0,0,0,SdAz6w==,CRC_OK,0001000000000001,0.0,72.0,48.86683,2.35672,UNKNOWN,2026-01-30T13:55:21.298682474Z,0,52162,867500000,125000,CR_4_5,False,False,0,7,-120,-2.8
2026-01-30T12:56:28.508054875Z,2026-01-30T13:56:28.508054875Z,2026-01-30T13:55:31.499524Z,device_uplink_frame_log,0001000000000002,1769781331499-0,ConfirmedDataUp,LoRaWANR1,"(71, 25, 78, 233)",1,02000000,247,False,True,False,False,0,False,[],e36d54adbe,0,0,0,SmjKaw==,CRC_OK,0001000000000001,0.0,72.0,48.86683,2.35672,UNKNOWN,2026-01-30T13:55:31.293728675Z,0,55888,867900000,125000,CR_4_5,False,False,0,7,-118,-0.7
2026-01-30T12:56:28.508054875Z,2026-01-30T13:56:28.508054875Z,2026-01-30T13:55:46.499622Z,device_uplink_frame_log,0001000000000002,1769781346499-0,ConfirmedDataUp,LoRaWANR1,"(159, 108, 57, 49)",1,02000000,250,False,True,False,False,0,False,[],62bf177e0a,0,0,0,S02sKw==,CRC_OK,0001000000000001,0.0,72.0,48.86683,2.35672,UNKNOWN,2026-01-30T13:55:46.293662623Z,0,9737,868100000,125000,CR_4_5,False,False,0,7,-119,-2
2026-01-30T12:56:28.508054875Z,2026-01-30T13:56:28.508054875Z,2026-01-30T13:55:51.509025Z,device_uplink_frame_log,0001000000000002,1769781351509-0,ConfirmedDataUp,LoRaWANR1,"(15, 65, 158, 224)",1,02000000,251,False,True,False,False,0,False,[],cb7f56ecf1,0,0,0,S5n3aw==,CRC_OK,0001000000000001,0.0,72.0,48.86683,2.35672,UNKNOWN,2026-01-30T13:55:51.302190094Z,0,8442,867500000,125000,CR_4_5,False,False,0,7,-116,0.7
2026-01-30T12:56:28.508054875Z,2026-01-30T13:56:28.508054875Z,2026-01-30T13:55:56.502618Z,device_uplink_frame_log,0001000000000002,1769781356502-0,ConfirmedDataUp,LoRaWANR1,"(186, 38, 204, 183)",1,02000000,252,False,True,False,False,0,False,[],c1e65681c0,0,0,0,S+ZCqw==,CRC_OK,0001000000000001,0.0,72.0,48.86683,2.35672,UNKNOWN,2026-01-30T13:55:56.297143772Z,0,10411,868100000,125000,CR_4_5,False,False,0,7,-120,-3.2
2026-01-30T12:56:28.508054875Z,2026-01-30T13:56:28.508054875Z,2026-01-30T13:56:01.496649Z,device_uplink_frame_log,0001000000000002,1769781361496-0,ConfirmedDataUp,LoRaWANR1,"(137, 82, 41, 21)",1,02000000,253,False,True,False,False,0,False,[],6bce6529f2,0,0,0,TDKN6w==,CRC_OK,0001000000000001,0.0,72.0,48.86683,2.35672,UNKNOWN,2026-01-30T13:56:01.292341988Z,0,14661,867500000,125000,CR_4_5,False,False,0,7,-123,-6.3
2026-01-30T12:56:28.508054875Z,2026-01-30T13:56:28.508054875Z,2026-01-30T13:56:06.502259Z,device_uplink_frame_log,0001000000000002,1769781366502-0,ConfirmedDataUp,LoRaWANR1,"(139, 189, 229, 117)",1,02000000,254,False,True,False,False,0,False,[],c21cc32862,0,0,0,TH7ZKw==,CRC_OK,0001000000000001,0.0,72.0,48.86683,2.35672,UNKNOWN,2026-01-30T13:56:06.297264643Z,0,55637,868100000,125000,CR_4_5,False,False,0,7,-125,-8
2026-01-30T12:56:28.508054875Z,2026-01-30T13:56:28.508054875Z,2026-01-30T13:56:11.497422Z,device_uplink_frame_log,0001000000000002,1769781371497-0,ConfirmedDataUp,LoRaWANR1,"(75, 138, 92, 34)",1,02000000,255,False,True,False,False,0,False,[],ac02676076,0,0,0,TMskaw==,CRC_OK,0001000000000001,0.0,72.0,48.86683,2.35672,UNKNOWN,2026-01-30T13:56:11.292211398Z,0,56678,867900000,125000,CR_4_5,False,False,0,7,-119,-2.4
2026-01-30T12:56:28.508054875Z,2026-01-30T13:56:28.508054875Z,2026-01-30T13:56:16.498801Z,device_uplink_frame_log,0001000000000002,1769781376499-0,ConfirmedDataUp,LoRaWANR1,"(237, 87, 88, 57)",1,02000000,256,False,True,False,False,0,False,[],f0b8291c48,0,0,0,TRdvqw==,CRC_OK,0001000000000001,0.0,72.0,48.86683,2.35672,UNKNOWN,2026-01-30T13:56:16.292474538Z,0,14004,868100000,125000,CR_4_5,False,False,0,7,-123,-5.6
2026-01-30T12:56:28.508054875Z,2026-01-30T13:56:28.508054875Z,2026-01-30T13:56:26.50381Z,device_uplink_frame_log,0001000000000002,1769781386504-0,ConfirmedDataUp,LoRaWANR1,"(205, 90, 136, 200)",1,02000000,258,False,True,False,False,0,False,[],3b935a03ac,0,0,0,TbAGKw==,CRC_OK,0001000000000001,0.0,72.0,48.86683,2.35672,UNKNOWN,2026-01-30T13:56:26.297718087Z,0,11600,868100000,125000,CR_4_5,False,False,0,7,-119,-2.2

